StartDate,EndDate,TS,Gend,Ex,susp_code,Inst.tot,Cont.tot,distA,distB,mfq1,mfq2,mfq3,mfq4,mfq5,mfq6,mfq7,mfq8,mfq9,mfq10,mfq11,mfq12,mfq13,mfq14,mfq15,mfq16,mfq17,mfq18,mfq19,mfq20,mfq21,mfq22,mfq23,mfq24,mfq25,mfq26,mfq27,mfq28,mfq29,relevance,severity,angry,warm,disgust,admire,rf1,rf2,rf3,rf4,rf5,rf6,rf7,rf8,rf9,rf10,rf11,rf12,q1,q2,q3,q4,q5,q6,q7,q8,q9,q10,q11,q12,ie1,ie2,ie3,ie4,ie5,ie6,ie7,ie8,ie9,ie10,ie11,ie12,ie13,ie14,ie15,ie16,ie17,ie18,ie19,ie20,sex,age,race,Q162_6_TEXT,ses,income,big,relaff,Q172_1_TEXT,Q172_10_TEXT,rel_if,pray,relserv,relint,pol_for,pol_econ,pol_soc,pol_rel,pol_or,enjoy,task,cond
2/18/2016 11:53,2/18/2016 12:40,12:00-1:00,2,5,3,,8,8,2,6,4,4,6,3,6,3,5,6,4,6,6,6,4,5,4,6,6,4,6,6,5,6,6,5,3,6,6,6,1,3,3,2,2,2,6,1,7,2,9,8,1,9,1,1,9,2,9,6,6,1,8,3,5,8,7,5,1,4,1,9,1,1,2,2,9,2,1,8,1,1,6,9,6,2,2,9,6,1,2,18,5,,2,5,1,1,Christian ,,5,6,6,9,4,7,6,6,2,1,Cont,Care
2/18/2016 12:49,2/18/2016 13:37,1:00-2:00,2,5,1,,8,3,7,4,4,5,4,5,5,5,6,5,5,6,6,6,5,5,5,6,5,3,6,6,6,6,5,6,2,6,6,5,3,4,1,1,3,2,6,4,8,4,7,7,8,6,4,5,9,3,9,3,6,5,4,9,6,4,3,5,3,4,3,9,3,9,6,3,9,6,3,6,4,3,8,8,7,3,3,8,6,4,2,18,5,,2,6,1,1,Methodist,,4,4,6,9,6,6,6,6,2,3,Cont,Purity
2/18/2016 13:38,2/18/2016 14:15,2:00-3:00,2,5,1,,8,5,5,4,5,2,4,5,5,2,3,2,2,3,5,5,5,4,3,6,6,6,1,6,3,5,4,3,4,5,4,6,3,1,1,1,2,1,5,5,8,6,7,4,5,5,4,4,4,6,6,9,6,6,6,4,6,6,7,7,9,6,7,5,6,5,6,6,6,6,6,5,5,5,4,4,5,5,5,4,5,5,2,21,2,,4,5,1,3,,,3,3,3,5,4,4,4,4,4,3,Cont,Purity
2/19/2016 13:38,2/19/2016 14:38,2:00-3:00,1,6,4,,8,3,7,5,6,5,5,5,4,4,5,2,4,5,4,3,3,4,3,6,5,1,5,1,5,3,1,6,1,6,1,4,6,4,2,1,2,1,4,9,4,7,3,6,9,2,6,8,7,9,8,7,9,4,7,8,1,4,3,6,3,8,5,2,7,4,6,1,4,4,6,1,8,1,5,4,6,7,3,3,4,4,1,18,5,,3,6,1,1,Baptist,,1,3,3,6,7,7,6,7,1,1,Cont,Care
2/19/2016 16:42,2/19/2016 17:17,4:45-5:45,2,3,3,,8,5,5,6,4,3,6,6,6,5,6,6,3,4,6,6,4,5,5,5,6,1,4,5,3,4,1,2,3,6,6,3,1,2,1,3,1,3,9,1,8,1,9,9,1,9,1,1,9,1,1,1,5,1,5,9,4,6,1,1,1,3,1,9,1,9,1,9,9,6,1,9,1,1,9,9,9,1,1,9,9,1,2,19,1,,3,5,1,1,Pentecostal,,5,6,6,9,4,4,7,7,3,1,Cont,Purity
2/20/2016 13:54,2/20/2016 14:47,2:00-3:00,2,3,2,,8,5,5,6,5,4,6,5,6,6,5,6,4,5,2,4,5,6,4,6,6,2,4,6,5,2,4,6,5,5,6,6,5,2,3,3,2,2,6,9,1,9,4,5,9,1,9,8,4,9,9,5,5,9,4,4,3,8,9,9,8,5,9,9,9,3,8,6,4,9,6,9,3,1,1,1,1,4,6,5,6,9,2,20,2,,2,6,1,9,,,2,2,2,5,5,4,3,6,4,1,Cont,Care
2/23/2016 13:03,2/23/2016 13:28,1:00-2:00,2,4,3,,8,9,1,5,5,4,4,4,5,3,6,4,4,5,4,4,4,2,3,3,4,6,6,4,6,5,5,6,5,6,5,5,,4,4,2,3,2,6,3,8,1,6,4,6,5,1,1,7,5,8,6,6,3,4,,4,6,6,6,3,5,3,7,4,7,5,3,7,6,4,7,3,3,7,7,5,5,6,6,6,5,2,21,5,,4,2,1,1,Methodist,,,4,4,7,6,6,6,6,3,3,Cont,Care
2/23/2016 13:44,2/23/2016 14:30,2:00-3:00,2,4,1,,8,5,5,4,5,2,5,5,5,4,4,4,4,4,6,5,4,3,3,5,6,5,4,3,4,4,5,4,2,5,3,4,2,2,1,1,1,1,6,7,5,3,5,3,3,4,1,3,6,4,8,5,4,3,4,8,5,6,6,6,5,4,1,7,3,8,5,2,6,5,3,8,3,2,7,6,6,4,2,9,8,5,2,19,5,,2,6,1,1,Lutheran,,3,5,5,7,6,6,2,4,3,1,Cont,Purity
2/24/2016 13:52,2/24/2016 14:40,2:00-3:00,1,6,1,,8,4,6,4,5,2,6,5,5,5,5,5,3,5,5,5,4,4,3,6,5,6,5,6,6,5,5,4,1,6,5,3,3,1,1,1,2,1,5,9,4,9,5,1,9,1,9,9,1,9,8,8,8,5,6,6,4,5,6,7,5,6,9,4,9,1,5,1,4,1,4,5,7,5,5,3,5,5,5,4,4,5,1,18,3,,3,5,1,2,,,1,4,3,1,5,5,1,1,4,1,Cont,Purity
2/25/2016 12:43,2/25/2016 13:24,1:00-2:00,2,5,1,,8,4,6,2,4,2,6,3,4,4,6,3,2,6,6,6,4,5,3,6,4,5,3,5,4,3,4,3,4,6,4,5,3,2,2,1,2,1,5,9,4,5,2,4,8,1,5,5,4,9,4,5,6,6,5,6,4,6,5,5,4,6,6,3,5,4,5,4,3,5,4,6,5,4,4,3,3,3,4,2,3,5,2,19,3,,3,4,1,2,,,2,2,3,2,4,4,4,4,4,3,Cont,Care
2/26/2016 12:54,2/26/2016 13:31,1:00-2:00,1,6,1,,8,5,5,3,5,2,4,5,5,3,4,5,6,5,6,5,5,3,3,5,6,4,2,6,6,5,6,6,6,5,5,5,5,2,1,4,1,3,7,5,8,4,7,6,6,4,2,1,9,6,6,1,1,3,6,6,4,5,1,4,4,5,3,5,4,5,5,5,6,5,6,7,4,1,7,5,6,4,5,5,5,6,1,20,5,,3,6,1,1,Baptist,,3,3,4,6,4,6,3,4,4,1,Cont,Care
2/26/2016 13:41,2/26/2016 14:39,2:00-3:00,1,6,1,,8,2,8,1,5,3,5,4,4,3,3,2,5,4,5,4,4,2,4,1,4,5,4,2,6,4,2,6,1,5,1,5,3,2,2,1,3,1,1,9,1,9,1,1,9,1,5,9,5,9,7,6,6,8,6,9,4,6,8,1,9,1,5,6,9,1,5,6,5,5,5,5,5,4,1,5,8,5,5,5,5,5,1,19,5,,3,7,2,8,,,5,1,2,5,3,7,3,2,2,1,Cont,Purity
2/26/2016 15:32,2/26/2016 17:35,3:45-4:45,2,3,2,,8,3,7,4,6,4,5,5,5,4,4,5,4,6,6,6,5,3,3,2,4,5,4,6,6,5,6,5,5,6,4,5,3,1,1,1,1,2,5,5,6,6,5,5,4,5,1,1,5,9,7,7,7,1,5,7,5,9,5,5,1,5,9,5,5,3,9,8,5,8,9,9,9,5,6,6,6,1,5,9,7,7,2,30,1,,3,3,1,1,christian,,2,4,1,6,4,5,5,3,5,3,Cont,Purity
2/29/2016 13:15,2/29/2016 14:30,2:00-3:00,1,6,3,,8,5,5,3,5,1,6,5,5,2,5,5,2,4,6,6,6,5,2,3,5,2,6,6,5,4,4,6,4,6,5,4,1,5,1,1,4,1,5,6,4,3,8,6,9,5,1,9,6,9,9,4,8,8,8,5,5,7,7,7,8,7,7,8,3,6,4,4,6,6,5,4,4,4,9,9,1,7,6,7,7,5,1,20,1,,2,7,1,1,pentecostal,,2,4,3,6,2,2,2,4,6,1,Cont,Purity
3/1/2016 11:43,3/1/2016 12:41,12:00-1:00,2,5,3,,8,7,3,6,5,5,4,6,4,4,6,6,6,6,3,4,3,6,4,1,5,1,6,3,2,3,4,6,1,6,6,4,6,3,4,3,2,1,8,1,9,1,5,9,1,9,1,1,9,1,2,3,5,2,5,8,6,6,4,5,1,1,1,9,1,8,1,1,9,4,4,8,1,2,6,9,9,1,6,9,7,1,2,19,5,,1,7,1,1,Baptist,,3,6,6,9,6,6,6,6,2,3,Cont,Care
3/1/2016 12:41,3/1/2016 13:26,1:00-2:00,2,5,1,,8,7,3,5,5,4,5,4,5,2,4,5,2,3,4,5,4,4,2,6,5,2,5,5,6,5,5,4,3,6,4,6,4,2,1,1,4,1,7,4,6,5,8,4,4,8,2,5,7,6,6,6,5,7,6,6,8,8,3,5,3,4,5,6,7,6,8,7,7,9,6,8,4,5,8,8,8,4,6,7,8,9,2,19,5,,3,5,1,1,Lutheran,,3,6,4,7,2,4,1,1,6,3,Cont,Purity
3/3/2016 11:38,3/3/2016 12:23,12:00-1:00,2,5,2,,8,5,5,4,5,6,6,5,3,4,5,2,5,6,5,5,5,3,2,4,4,4,3,4,6,6,4,6,2,6,2,5,4,2,1,3,2,4,7,5,5,8,5,4,9,6,5,4,4,8,5,6,6,4,7,9,8,8,7,6,5,5,8,5,9,4,5,7,5,8,8,2,5,7,7,5,3,5,7,7,6,4,2,18,4,,3,5,1,1,non denominational ,,3,3,4,4,4,7,1,5,3,1,Cont,Purity
3/3/2016 14:14,3/3/2016 15:40,3:00-4:00,1,6,3,,7,7,3,6,4,2,4,4,3,2,5,6,2,6,4,3,3,4,4,5,5,4,3,4,4,5,4,5,2,6,6,5,3,3,1,1,2,2,6,2,6,1,5,2,4,8,2,1,6,1,7,2,2,2,4,5,5,5,3,3,2,5,3,6,2,6,5,2,5,5,4,6,3,2,6,6,6,3,3,7,4,2,1,19,5,,3,5,1,1,Non-Denominational,,5,4,5,8,5,6,6,7,2,1,Cont,Care
3/15/2016 13:42,3/15/2016 14:46,2:00-3:00,2,4,1,,8,5,5,3,5,5,6,6,6,6,6,6,3,3,6,6,6,4,2,5,6,6,4,6,5,3,5,2,4,6,6,6,4,4,2,2,2,2,7,8,5,9,6,5,9,1,4,5,5,7,9,8,8,9,9,2,2,9,2,2,9,9,4,6,4,9,9,5,5,9,8,9,4,3,6,2,9,4,3,9,9,9,2,19,3,,4,4,1,2,,,3,5,5,8,4,5,5,7,3,1,Cont,Care
3/16/2016 13:25,3/16/2016 13:58,1:30-2:30,1,6,3,,8,5,5,4,4,2,6,5,6,6,6,4,4,4,6,6,6,6,2,5,5,5,2,6,5,5,4,5,1,6,3,5,2,4,2,3,1,4,6,8,6,8,5,2,9,2,3,5,2,5,3,4,5,7,8,8,2,6,5,7,7,8,8,6,7,7,8,3,5,6,4,7,9,5,6,2,8,5,4,6,5,7,1,19,2,,2,6,1,1,Baptist,,4,3,5,5,4,4,4,4,4,3,Cont,Care
3/16/2016 14:32,3/16/2016 15:13,2:30-3:30,1,6,3,,8,0,10,3,4,4,4,5,5,2,4,2,4,3,4,5,4,2,4,3,5,6,5,5,5,5,5,4,3,5,4,5,5,2,1,2,1,1,5,7,3,9,2,1,8,2,3,6,4,7,7,8,6,8,7,8,5,8,7,8,5,6,8,6,8,4,6,5,4,7,3,6,3,3,7,6,3,2,6,6,7,6,1,19,5,,2,7,1,2,,,3,3,3,6,3,2,2,3,6,1,Cont,Purity
3/18/2016 12:53,3/18/2016 13:49,1:30-2:30,1,6,2,,8,5,5,5,6,5,6,6,6,4,6,6,5,6,6,5,6,4,3,6,6,5,6,6,5,5,4,5,4,6,5,5,2,4,1,3,2,1,9,1,9,1,9,9,1,9,1,3,9,1,7,5,6,3,4,3,5,7,6,5,4,3,3,6,1,9,1,6,9,6,5,7,4,4,8,7,7,5,5,6,9,1,1,19,2,,2,7,1,1,Baptist,,3,5,6,7,2,3,5,6,5,1,Cont,Purity
3/18/2016 15:27,3/18/2016 16:14,3:45-4:45,2,3,1,,8,5,5,4,2,2,4,4,4,4,5,4,4,3,5,4,4,4,3,6,5,5,2,6,4,3,3,4,4,5,5,4,3,1,1,1,2,2,5,6,6,9,5,2,8,4,4,5,5,7,6,8,8,4,8,3,3,6,5,7,3,6,5,7,9,6,6,4,4,6,4,4,4,4,7,6,6,5,4,4,5,6,2,19,5,,3,4,1,2,,,2,4,5,7,4,4,4,4,4,1,Cont,Purity
3/19/2016 12:57,3/19/2016 13:46,1:00-2:00,2,3,1,,8,5,5,1,5,5,6,5,6,4,6,6,3,5,6,6,4,2,3,5,6,5,3,6,6,1,4,5,2,6,4,5,2,2,1,4,1,1,4,1,1,9,5,1,9,1,6,5,3,7,7,5,5,3,7,2,1,7,5,6,5,4,9,1,9,1,6,6,1,1,5,4,5,1,1,1,6,4,1,1,1,3,2,19,5,,4,5,3,9,,,,1,1,7,4,4,2,1,6,1,Cont,Purity
3/19/2016 13:46,3/19/2016 14:36,2:00-3:00,2,3,1,,8,5,5,4,6,2,6,6,6,4,5,5,5,6,6,6,6,6,3,6,6,6,1,6,5,2,2,4,6,5,5,6,5,2,1,5,1,4,8,6,9,7,9,3,8,7,1,9,9,5,9,9,7,7,8,8,2,9,3,7,5,7,1,9,4,9,6,9,9,6,1,9,4,1,9,9,9,4,4,8,9,7,2,18,5,,3,5,1,1,Baptist,,4,5,6,9,2,2,1,2,6,1,Cont,Care
3/21/2016 16:58,3/21/2016 18:06,5:30-6:30,2,5,2,,8,6,4,1,3,1,3,3,4,4,3,5,1,1,5,5,3,2,1,3,4,3,1,3,1,3,3,1,1,3,1,4,3,3,1,2,3,2,5,9,4,9,5,1,9,1,9,9,7,4,6,6,4,4,5,4,1,4,9,5,1,5,9,1,4,1,4,6,5,1,1,1,6,1,1,1,5,1,1,1,1,1,2,19,3,,3,4,3,2,,,1,1,2,6,4,5,1,1,5,3,Cont,Care
3/22/2016 12:49,3/22/2016 13:30,1:00-2:00,2,5,1,,8,4,6,5,4,1,5,3,4,1,5,4,2,4,4,5,4,4,3,2,3,2,2,3,3,3,5,4,2,5,4,4,1,1,1,1,2,3,9,1,8,1,8,7,7,9,1,2,9,1,5,1,5,1,3,8,4,7,2,2,1,2,2,8,1,9,4,3,9,7,8,8,1,2,9,8,8,2,3,9,9,4,2,19,5,,3,5,1,1,Baptist,,3,6,6,9,6,6,6,6,2,1,Cont,Purity
3/22/2016 13:36,3/22/2016 14:28,2:00-3:00,2,5,1,,8,5,5,6,5,4,5,4,5,2,4,4,4,5,4,5,5,5,5,6,5,6,4,5,5,5,4,5,1,6,5,5,4,1,1,1,5,1,9,4,7,4,6,4,3,5,1,2,7,6,4,4,6,4,6,9,5,6,1,4,1,4,1,9,5,9,9,6,9,9,4,9,1,1,9,7,9,1,5,9,9,9,2,18,5,,3,5,1,2,,,5,5,5,9,6,6,6,7,2,1,Cont,Purity
3/29/2016 10:42,3/29/2016 11:28,11:00-12:00,2,5,4,,8,5,5,4,6,5,6,5,5,3,5,3,4,4,5,4,4,3,5,6,5,6,4,5,4,4,2,3,1,5,5,5,3,3,1,1,3,1,4,4,5,7,4,4,7,6,4,6,5,8,5,6,7,4,7,9,8,8,7,8,2,5,7,5,5,9,7,3,7,3,4,9,3,3,8,8,8,4,3,8,6,4,2,19,5,,1,7,1,1,Baptist,,4,4,5,7,6,6,6,7,2,3,Cont,Purity
3/29/2016 13:46,3/29/2016 14:33,2:00-3:00,2,5,2,,8,7,3,5,4,4,5,5,4,2,5,5,4,5,5,5,4,4,3,6,6,3,5,5,6,5,4,4,5,6,6,5,3,2,1,4,2,1,8,4,9,2,9,4,7,8,1,2,8,1,4,4,5,4,6,8,4,6,2,2,7,6,1,9,2,9,6,7,9,5,2,8,2,4,9,9,4,4,4,8,8,4,2,18,5,,1,7,1,2,,,4,6,6,9,5,6,6,6,2,1,Cont,Purity
3/30/2016 13:10,3/30/2016 14:18,1:30-2:30,1,6,1,,8,5,5,5,5,4,6,5,6,5,6,5,5,5,5,6,4,2,3,1,6,6,5,5,6,6,4,4,5,6,6,6,2,1,1,1,3,1,7,4,9,5,7,8,9,9,1,1,9,2,9,9,8,9,9,4,1,9,8,6,1,5,4,1,1,7,8,1,7,5,6,3,5,6,1,1,4,4,2,5,6,6,1,20,1,,3,5,1,1,Non-Denominational,,2,4,4,5,5,5,4,6,4,1,Cont,Purity
3/31/2016 10:51,3/31/2016 11:39,11:00-12:00,2,5,1,,8,2,8,4,4,5,6,6,6,4,6,4,4,4,6,6,5,4,2,5,5,4,4,4,3,3,6,5,2,5,5,4,6,5,5,1,4,1,5,7,6,7,7,3,5,2,2,5,6,8,4,4,5,3,6,6,5,4,6,5,1,4,5,5,6,6,4,2,4,8,3,6,3,5,6,3,7,4,2,4,4,4,2,19,5,,3,7,1,2,,,2,3,4,5,6,6,6,4,2,3,Cont,Care
3/31/2016 12:10,4/7/2016 11:02,12:30-1:30,2,2,1,,8,3,7,5,3,3,4,4,4,5,4,4,3,4,3,2,3,6,6,4,5,4,4,3,3,3,4,5,3,6,5,3,1,3,4,1,2,1,5,5,5,1,6,6,1,2,1,1,9,2,9,2,4,5,1,1,9,7,4,1,4,2,1,8,1,8,3,5,9,3,1,9,1,1,9,2,8,1,5,9,9,1,2,18,5,,1,7,1,1,Baptist,,5,6,4,9,6,6,6,6,2,3,Cont,Care
3/31/2016 12:49,3/31/2016 13:42,1:00-2:00,2,5,2,,8,5,5,5,4,4,5,5,4,4,5,5,5,5,5,4,5,2,3,2,5,4,5,4,3,3,3,4,2,5,5,5,3,2,1,3,3,3,8,4,7,2,8,3,6,7,3,2,8,4,7,6,6,7,6,8,7,8,3,6,2,6,4,6,4,6,4,8,7,8,4,7,5,5,6,7,9,5,4,5,6,6,2,19,3,,1,7,1,1,Baptist,,3,4,5,6,6,7,6,6,2,3,Cont,Purity
4/1/2016 16:30,4/1/2016 17:28,4:45-5:45,2,3,4,,8,5,5,4,5,3,6,5,6,3,5,3,2,6,6,6,5,2,2,6,5,6,1,6,6,2,4,3,4,6,5,6,2,2,1,1,3,2,6,3,5,9,4,1,4,4,3,5,6,9,7,5,4,6,2,1,6,6,4,6,5,2,7,6,6,4,5,6,5,9,5,4,4,4,8,1,6,4,6,5,6,6,2,19,3,,3,6,1,1,nondenominational,,2,4,3,5,2,2,2,2,6,3,Cont,Purity
4/5/2016 10:48,4/5/2016 14:17,11:00-12:00,2,5,2,,8,5,5,5,6,3,5,6,4,2,5,6,4,5,5,5,3,3,3,6,4,4,3,4,5,5,6,5,2,6,4,4,1,1,1,3,2,1,8,6,8,5,5,1,3,2,1,4,6,5,6,7,5,4,7,9,5,6,9,9,6,5,6,4,5,9,4,1,6,5,5,6,6,4,5,6,5,3,5,6,6,4,2,19,2,,3,4,1,2,,,2,3,5,8,4,6,2,4,4,3,Cont,Purity
4/6/2016 12:14,4/6/2016 13:10,12:30-1:30,1,6,2,,8,6,4,2,5,3,6,6,5,5,6,5,4,5,6,5,4,5,5,5,6,6,4,5,4,6,5,2,2,5,3,4,4,4,2,5,2,3,4,8,3,8,3,2,9,3,5,7,5,7,6,8,9,3,6,5,3,3,8,7,2,8,5,4,7,3,7,7,2,6,6,5,5,7,2,2,1,6,7,2,2,3,1,18,5,,2,7,3,9,,,2,2,4,5,3,4,2,2,5,1,Cont,Care
4/6/2016 14:27,4/6/2016 15:02,2:30-3:30,1,6,3,,8,5,5,4,3,4,3,5,5,2,3,5,2,4,5,5,4,3,4,5,4,5,4,5,5,5,5,5,3,6,5,4,2,2,1,2,1,1,7,6,7,4,5,4,7,4,4,4,7,6,8,6,6,7,3,8,3,6,7,7,2,3,7,6,7,9,8,4,6,8,8,6,3,6,8,6,7,7,6,7,6,6,1,21,2,,3,5,1,1,Evangelical Free,,3,5,4,7,3,5,3,5,4,3,Cont,Purity
4/7/2016 10:42,4/7/2016 11:28,11:00-12:00,2,5,2,,8,5,5,3,5,1,6,4,4,3,3,5,4,4,5,5,4,5,4,6,5,2,2,6,4,2,6,1,2,5,4,5,4,3,1,1,1,1,3,7,6,8,5,6,9,5,3,5,6,6,6,3,4,3,5,7,2,5,3,7,3,5,6,6,4,9,4,2,6,5,6,4,6,3,5,4,5,3,6,6,5,5,2,18,2,,2,6,1,2,,,2,3,5,7,4,4,4,4,4,1,Cont,Care
4/7/2016 12:58,4/7/2016 13:42,1:00-2:00,2,5,2,,8,5,5,5,5,2,6,6,5,3,1,4,5,6,6,4,5,4,1,2,5,6,5,5,4,4,5,5,3,6,4,5,5,1,1,4,1,5,8,5,6,4,5,2,8,4,3,5,7,4,6,6,4,3,7,8,8,6,8,8,3,4,3,5,3,6,6,3,5,9,4,8,5,4,7,5,7,2,4,6,6,8,2,20,5,,2,7,1,1,Lutheran ,,2,4,3,7,5,6,3,6,3,1,Cont,Purity
4/7/2016 13:25,4/7/2016 13:54,1:30-2:30,1,6,2,,8,3,7,4,5,2,4,4,4,3,5,3,4,3,4,3,5,4,5,2,5,4,5,5,5,4,6,4,2,4,2,4,5,4,2,3,5,1,4,8,3,7,3,5,6,1,3,5,7,9,6,9,8,3,8,8,3,2,3,3,7,7,2,6,8,5,3,5,7,7,4,2,3,3,8,7,3,4,3,9,4,3,1,20,5,,2,5,1,2,,,2,6,4,6,5,5,4,5,3,1,Cont,Care
4/8/2016 15:17,4/8/2016 16:23,3:45-4:45,2,3,1,,8,10,0,6,5,5,6,6,6,5,6,6,5,6,6,6,6,2,6,3,6,6,1,5,4,5,2,1,1,6,6,5,1,5,1,2,1,1,5,9,9,4,6,9,9,1,1,1,9,9,9,1,9,1,5,9,6,9,1,9,1,9,1,9,4,5,1,1,6,7,1,9,3,1,9,9,1,1,1,9,9,1,2,18,1,,3,6,1,1,Christian,,4,3,3,9,4,5,1,7,3,1,Cont,Purity
4/9/2016 12:53,4/9/2016 13:33,1:00-2:00,2,3,4,,8,5,5,5,5,4,6,5,5,4,4,4,4,4,5,5,5,6,5,5,6,6,5,5,5,5,5,4,5,6,6,6,3,2,1,3,2,1,6,8,8,7,7,5,8,3,2,6,5,5,8,5,6,2,7,8,3,6,3,3,3,5,5,9,6,5,5,4,6,6,6,6,3,4,6,4,4,4,6,5,7,5,2,20,5,,2,6,1,2,,,3,5,4,5,6,6,6,6,2,1,Cont,Care
4/13/2016 12:20,4/13/2016 12:53,12:30-3:30,1,6,2,,8,5,5,2,5,4,5,5,4,3,4,5,2,3,5,5,5,5,4,2,3,6,1,6,6,4,6,6,1,5,3,6,5,3,1,4,1,5,4,9,1,9,6,4,9,4,6,5,2,8,9,9,9,6,7,7,3,3,4,7,5,5,7,7,9,4,6,5,4,4,6,6,6,3,5,3,6,6,4,3,3,6,1,19,3,,3,6,3,2,,,2,3,2,5,6,6,2,1,7,1,Cont,Care
4/13/2016 14:04,4/13/2016 14:46,2:30-3:30,1,6,3,,8,5,5,1,5,1,4,2,3,4,1,1,2,2,5,5,5,1,1,2,5,6,1,6,1,2,2,1,4,1,1,6,1,2,1,1,1,1,1,9,1,9,3,1,9,1,9,9,1,9,9,9,9,7,8,2,1,5,8,9,5,9,9,9,9,1,2,5,2,2,5,5,9,1,5,6,1,3,1,1,1,1,1,20,5,,3,4,2,10,,New Age Spirituality do not pray but meditate,1,5,1,1,1,1,1,1,7,3,Cont,Care
4/13/2016 16:11,4/13/2016 17:08,4:30-5:30,2,4,1,,8,2,8,4,5,3,5,5,5,4,5,4,3,4,6,6,4,4,3,5,6,6,2,6,4,4,4,3,4,6,4,6,3,2,1,1,3,1,6,4,6,9,5,7,9,3,5,6,5,8,9,8,8,6,8,5,6,7,7,7,7,9,6,6,6,4,5,5,5,6,6,6,5,4,5,5,5,6,4,7,7,6,2,19,5,,3,4,1,1,Disciples of Christ,,3,4,5,7,4,3,2,3,5,1,Cont,Purity
4/14/2016 10:38,4/14/2016 11:17,11:00-12:00,2,5,1,,8,5,5,2,5,4,6,5,5,5,5,5,3,4,5,5,4,4,2,4,5,5,2,6,3,4,4,4,4,4,3,4,4,3,1,1,1,1,2,7,2,9,3,3,8,2,5,6,3,8,6,6,5,5,6,5,6,6,6,5,3,6,6,6,8,4,6,5,4,4,4,4,5,4,6,6,4,5,6,5,4,6,2,20,5,,2,,1,9,,,3,5,3,6,4,4,1,1,5,3,Cont,Care
4/14/2016 11:22,4/14/2016 12:31,12:00-1:00,2,5,1,,7,6,4,4,5,4,6,6,6,6,6,6,6,6,6,6,6,6,5,6,6,6,4,5,5,3,4,5,1,5,5,5,2,4,2,1,4,1,7,6,8,9,4,4,8,6,3,3,6,7,9,6,6,5,6,4,4,6,6,6,5,6,4,6,5,6,5,3,6,5,4,6,4,2,2,6,2,6,4,5,5,4,2,19,5,,2,7,1,2,,,3,4,4,8,5,5,4,5,3,3,Cont,Purity
4/14/2016 12:04,4/14/2016 12:59,12:30-1:30,2,2,1,,8,5,5,6,6,6,6,5,6,6,6,5,5,6,6,6,6,6,6,6,5,6,4,6,6,5,5,4,3,6,6,6,4,1,1,5,1,3,9,1,9,1,9,9,1,7,1,1,9,1,4,4,4,4,4,4,6,9,8,4,1,9,1,9,1,6,9,1,9,9,1,5,1,1,9,9,9,1,5,9,9,9,2,19,3,,3,5,1,1,Mormons,The Church of Jesus Christ of LatterDay Saints,5,6,5,7,2,6,7,7,2,2,Cont,Care
4/14/2016 13:46,4/14/2016 14:36,2:00-3:00,2,5,1,,8,5,5,5,5,4,4,4,5,3,4,5,2,4,4,5,2,4,4,3,5,6,4,4,5,5,6,4,3,6,4,4,2,2,1,2,1,1,8,4,5,4,5,5,4,4,3,3,5,5,6,4,4,4,4,5,4,4,4,4,4,4,4,5,5,5,4,5,5,5,5,5,4,4,5,5,5,4,5,5,5,5,2,19,5,,2,7,1,1,Baptist,,2,4,4,4,6,6,6,6,2,3,Cont,Care
4/14/2016 14:48,4/14/2016 15:24,3:00-4:00,1,6,1,,8,5,5,5,6,3,5,5,6,3,2,3,4,3,5,5,5,2,2,5,4,4,3,6,5,5,4,4,3,6,5,6,2,2,1,1,2,1,4,7,6,8,3,1,7,1,6,5,4,7,6,6,7,5,9,8,3,7,6,9,6,8,5,7,6,5,7,7,6,9,6,6,6,4,4,4,6,4,6,5,6,6,1,20,5,,3,6,1,2,,,3,4,4,6,6,5,5,6,3,3,Cont,Purity
4/16/2016 12:58,4/16/2016 13:23,1:00-2:00,2,3,1,,8,5,5,6,6,6,6,6,6,6,6,3,1,6,6,6,3,6,3,6,6,6,6,6,6,1,5,1,4,6,4,6,2,2,1,1,5,1,9,1,4,4,9,9,6,6,1,5,9,1,9,4,9,9,5,1,1,9,9,9,9,1,1,9,1,4,9,5,6,9,4,6,1,1,9,5,5,1,1,6,9,6,2,19,1,,3,4,1,1,Baptist,,2,4,4,7,1,1,1,1,7,1,Cont,Purity
4/18/2016 13:10,4/18/2016 13:56,1:30-2:30,1,6,3,,8,8,2,5,5,3,5,5,4,4,5,4,3,5,3,3,3,4,4,2,4,4,5,4,2,4,4,5,1,4,4,4,3,2,2,2,3,2,6,4,5,4,6,5,6,6,4,4,5,5,6,6,5,4,4,9,4,5,4,6,4,4,6,6,4,6,4,4,6,4,4,4,4,4,5,5,9,4,4,9,6,5,1,20,5,,1,7,1,1,Non-Denominational,,4,4,4,7,4,6,3,4,3,3,Cont,Care
4/18/2016 14:15,4/18/2016 14:59,2:30-3:30,1,6,4,,8,10,0,2,3,1,4,3,3,3,4,5,2,2,6,4,4,4,4,3,4,4,2,5,5,4,4,5,3,5,5,5,5,1,1,2,1,1,7,5,6,3,4,3,9,7,1,5,6,3,4,4,5,5,6,6,3,5,2,3,3,5,3,6,3,6,3,3,5,4,2,6,5,3,5,5,4,4,4,4,5,4,1,19,5,,3,5,1,1,Non-Denominational,,3,6,5,7,6,6,4,6,3,1,Cont,Purity
4/19/2016 13:31,4/19/2016 14:34,2:00-3:00,2,4,1,,8,0,10,6,5,2,5,5,6,5,6,6,6,5,6,5,5,5,4,3,4,3,4,3,3,2,4,5,2,5,4,4,1,4,4,1,3,1,8,1,7,1,8,9,1,8,1,1,9,1,2,4,5,5,6,6,4,6,2,3,2,5,1,6,1,6,4,2,7,6,4,2,1,1,9,6,6,1,2,8,8,5,2,18,5,,1,7,1,1,Baptist,,5,5,4,7,6,6,6,6,2,1,Cont,Care
4/20/2016 13:02,4/20/2016 13:58,1:30-2:30,1,6,3,,8,9,1,2,5,4,5,6,5,2,5,6,4,4,5,5,5,4,2,6,5,6,2,6,1,5,6,4,2,6,5,4,1,4,1,4,1,2,7,9,3,9,8,4,9,3,8,5,4,9,9,9,5,7,8,3,2,7,7,7,6,8,6,7,9,2,6,7,6,4,4,7,7,4,3,2,8,7,6,4,5,8,1,19,5,,2,1,1,2,,,2,4,3,7,3,5,3,4,4,3,Cont,Care
4/20/2016 14:06,4/20/2016 15:10,2:30-3:30,1,6,1,,8,6,4,2,4,5,5,2,3,5,4,4,2,2,3,4,5,5,2,2,4,1,4,6,4,4,4,5,1,5,1,6,1,2,1,1,4,2,5,8,2,9,1,1,6,1,6,7,1,9,9,8,6,5,5,5,4,7,6,8,4,4,6,1,9,2,1,6,1,6,9,3,9,5,4,1,5,7,6,2,1,1,1,19,5,,2,7,1,1,Methodist,,2,2,2,4,6,6,2,4,3,3,Cont,Purity
4/21/2016 10:56,4/21/2016 11:25,11:00-12:00,2,5,3,,8,5,5,5,5,4,5,4,4,4,5,5,2,4,6,5,4,6,4,6,6,5,4,6,3,3,3,5,4,5,6,6,3,2,1,1,2,1,6,2,7,2,1,2,3,9,1,1,8,1,9,5,7,6,8,5,3,7,3,3,7,7,1,9,2,8,3,7,9,7,4,8,1,5,9,9,8,1,7,9,9,4,2,19,5,,1,7,1,1,Non-Denominational,,4,5,5,9,3,4,3,3,4,1,Cont,Purity
4/21/2016 11:55,4/21/2016 13:00,12:30-1:30,2,2,1,,8,7,3,5,6,4,6,6,6,5,6,6,3,4,6,4,5,4,6,4,6,2,4,6,5,4,3,3,2,6,6,5,1,3,1,1,4,1,6,1,1,3,8,4,9,6,2,1,7,2,9,5,6,4,6,9,6,6,3,2,1,9,9,9,1,6,7,4,9,9,3,9,1,1,9,9,7,1,1,8,8,7,2,21,1,,2,7,1,1,Baptist,,4,6,6,8,4,4,3,7,4,3,Cont,Purity
4/21/2016 13:43,4/21/2016 14:43,2:00-3:00,2,5,2,,8,5,5,4,5,5,4,6,6,2,6,6,2,6,5,6,5,2,3,4,6,5,4,6,5,3,5,5,3,6,6,6,4,3,3,1,1,1,6,6,8,5,6,7,6,4,2,4,6,7,8,2,4,4,6,4,4,6,4,6,2,5,4,6,4,6,6,6,7,9,7,9,5,4,8,9,5,4,5,9,8,8,2,19,3,,2,6,1,2,,,3,4,4,9,4,4,4,4,4,1,Cont,Care
4/22/2016 15:38,4/22/2016 16:40,3:45-4:45,2,3,3,,8,5,5,6,4,2,6,6,6,2,6,6,4,5,6,4,4,4,3,6,6,3,3,4,4,4,6,3,5,5,4,6,4,2,1,2,1,1,9,4,6,1,4,9,6,2,1,4,7,9,9,4,6,1,9,9,4,6,8,9,1,6,4,9,1,9,4,4,9,5,1,9,1,1,9,9,8,3,6,9,7,8,2,19,5,,3,5,1,1,Baptist,,2,6,5,9,5,4,3,3,4,1,Cont,Purity
4/23/2016 13:54,4/23/2016 14:33,2:00-3:00,2,3,3,,8,5,5,3,5,2,6,5,5,5,5,6,5,6,4,5,6,5,4,2,5,3,6,4,5,5,3,6,2,6,5,5,5,1,1,3,2,4,9,1,9,5,1,6,8,9,1,1,9,1,1,1,1,4,2,5,9,9,4,3,4,1,1,5,6,7,8,4,9,6,4,7,1,1,5,9,7,5,4,9,9,4,2,21,5,,2,6,1,1,Baptist,,4,6,5,9,6,6,6,6,2,1,Cont,Purity
4/25/2016 13:11,4/25/2016 13:49,1:30-2:30,1,6,3,,8,5,5,3,5,4,6,5,5,6,4,4,4,3,5,5,5,4,3,4,5,6,2,6,5,4,3,4,4,4,4,6,4,3,2,1,2,1,5,7,5,5,5,4,8,1,5,5,4,7,6,4,4,5,4,6,5,5,4,5,5,4,6,5,6,5,5,6,4,5,6,5,6,4,5,4,5,5,6,6,6,5,1,19,3,,4,1,1,1,methodist,,3,3,3,6,3,3,3,3,5,3,Cont,Care
4/25/2016 13:59,4/25/2016 14:56,2:30-3:30,1,6,3,,8,5,5,2,4,1,5,4,5,2,1,2,2,3,3,5,4,1,2,5,5,5,4,5,6,3,4,5,2,5,3,6,1,2,1,2,2,1,7,2,9,5,8,6,9,5,4,5,6,5,4,6,7,8,6,7,2,5,3,6,4,7,5,7,3,7,4,2,6,3,2,9,5,2,8,4,5,4,3,3,6,2,1,18,5,,3,4,1,1,non-denominational,,4,6,5,7,2,1,2,3,6,1,Cont,Purity
4/26/2016 17:14,4/26/2016 18:09,5:00-6:00,2,3,4,,8,0,10,5,1,5,1,5,2,1,1,1,5,1,1,1,1,6,3,5,3,3,2,1,3,2,2,6,1,6,4,5,6,4,4,1,4,1,5,4,5,6,2,1,9,1,1,4,1,9,9,2,5,4,6,1,4,9,4,9,6,5,9,5,1,6,1,6,4,6,5,6,4,1,8,4,5,1,1,7,6,6,2,19,5,,1,7,1,1,None,,3,4,4,7,6,7,3,6,3,1,Cont,Care
4/27/2016 13:28,4/27/2016 14:03,1:30-2:30,1,6,1,,8,5,5,4,4,5,6,3,6,4,5,6,3,6,6,6,6,2,4,3,5,5,5,5,5,6,5,6,6,6,6,5,1,4,1,1,5,1,8,6,9,7,5,9,5,1,1,5,4,5,7,3,6,5,5,4,7,7,5,7,7,6,6,5,6,3,8,5,6,9,8,9,5,5,7,4,6,5,5,8,8,7,1,20,2,,4,3,1,1,Baptist,,4,2,2,4,3,4,3,5,5,3,Cont,Purity
4/27/2016 14:12,4/27/2016 15:22,2:30-3:30,1,6,4,,8,5,5,6,5,4,6,5,5,5,5,6,4,6,6,4,5,6,5,2,6,2,4,6,5,5,5,5,2,6,5,6,5,4,1,4,1,1,9,1,5,3,9,9,7,9,1,5,9,2,9,6,4,4,5,5,5,6,6,6,6,3,4,6,4,5,1,1,5,5,5,4,5,1,9,6,9,6,4,9,9,5,1,21,5,,2,6,1,1,Non-denomination,,4,4,4,7,7,6,4,5,3,1,Cont,Care
4/28/2016 12:49,4/28/2016 13:26,1:00-2:00,2,5,1,,8,5,5,5,4,4,5,5,5,4,5,5,4,4,5,5,5,3,3,5,5,2,4,5,4,5,4,4,5,5,4,5,6,4,3,1,3,1,6,2,5,2,6,6,4,6,2,4,6,1,4,2,5,2,6,6,4,6,6,6,4,6,2,7,2,7,6,7,7,7,5,7,2,2,7,7,4,5,2,7,7,4,2,19,5,,3,4,1,1,Baptist,,4,6,4,8,4,4,5,5,4,3,Cont,Care
9/6/2016 9:04,9/6/2016 10:20,9:30-10:30,2,5,2,,8,4,6,5,5,3,5,4,5,4,5,5,3,4,5,5,5,4,4,6,6,4,4,6,5,3,5,2,5,6,4,4,2,3,1,1,4,1,8,3,5,2,7,4,6,2,3,3,7,4,6,6,3,6,6,5,7,8,2,6,7,7,4,4,5,8,3,4,8,9,4,7,3,4,5,3,8,3,4,7,7,6,2,18,1,,3,5,1,1,Presbyterian,,4,3,5,9,4,5,2,2,6,1,Cont,Purity
9/7/2016 7:48,9/7/2016 8:36,8:00-9:00,2,5,1,,0,4,6,6,5,3,5,5,5,5,6,5,4,6,6,6,5,6,4,6,5,5,5,6,6,6,5,4,3,6,6,5,4,3,1,1,2,3,5,8,5,2,7,6,8,5,4,1,7,5,9,4,5,5,2,5,5,7,7,6,4,1,1,7,3,9,6,5,7,7,4,5,1,1,6,9,7,1,4,6,8,6,2,18,1,,4,4,1,1,Baptist,,5,6,6,9,2,2,2,4,5,1,Cont,Care
9/8/2016 9:18,9/8/2016 9:58,9:30-10:30,2,5,1,,8,5,5,5,6,3,6,6,6,6,6,3,6,6,6,6,6,1,2,2,4,3,4,6,5,2,4,5,2,6,5,6,4,2,2,1,3,1,6,1,5,5,4,8,4,6,4,3,8,6,9,9,6,9,9,9,4,8,9,9,6,1,5,6,4,9,3,5,7,9,5,2,3,4,9,7,9,4,4,6,6,6,2,19,3,,4,2,1,2,,,3,4,5,6,5,5,1,1,5,1,Cont,Care
9/9/2016 8:45,9/9/2016 9:24,9:00-10:00,2,5,3,,8,2,8,3,4,4,5,5,5,5,5,4,4,4,5,5,4,4,3,5,5,5,2,4,5,4,5,5,4,5,5,5,2,4,1,2,4,1,8,8,8,7,7,6,7,4,4,5,6,5,4,4,4,5,4,7,6,6,4,5,4,4,5,5,7,5,6,4,5,6,4,7,5,4,6,6,5,5,4,5,6,5,2,20,2,,3,4,1,2,,,2,3,3,6,3,5,2,2,6,3,Cont,Purity
9/13/2016 9:06,9/13/2016 9:45,9:15-10:15,2,5,4,,8,5,5,5,4,3,4,4,4,2,4,3,2,3,4,4,3,4,4,4,4,2,5,5,3,3,3,3,3,5,4,4,3,2,1,4,1,4,7,5,8,1,7,8,7,9,2,2,7,2,6,5,5,4,4,4,5,5,4,5,2,2,4,6,2,6,5,3,5,6,3,4,3,4,5,5,5,2,4,5,6,4,2,19,5,,3,6,1,1,Baptist,,,5,4,7,4,5,3,5,4,1,Cont,Care
9/13/2016 11:40,9/13/2016 12:32,12:00-1:00,2,4,1,,8,3,7,1,4,3,4,3,4,4,4,4,2,3,5,5,4,5,4,4,4,5,5,5,5,2,4,5,2,4,4,5,2,3,3,1,4,1,2,7,2,8,2,2,8,1,6,7,2,1,5,3,4,3,4,7,4,6,6,5,3,5,2,2,8,2,6,4,2,2,2,2,2,2,2,2,2,2,2,2,2,3,2,19,5,,3,6,2,7,,,1,2,1,1,3,5,3,2,5,1,Cont,Purity
9/15/2016 9:06,9/15/2016 9:42,9:15-10:15,2,5,1,,8,5,5,5,5,3,6,5,5,3,4,5,4,4,5,5,2,4,4,5,5,5,5,6,4,4,5,5,4,6,4,5,4,1,1,1,2,2,5,8,6,5,5,4,9,4,5,6,5,5,6,6,6,6,6,8,5,6,6,5,6,8,5,6,6,5,6,5,4,6,5,5,4,5,6,6,5,4,6,6,7,7,2,19,5,,3,4,1,2,,,3,4,3,7,4,5,3,4,4,1,Cont,Purity
9/15/2016 12:10,9/15/2016 12:52,12:30-1:30,2,2,1,,8,4,6,2,5,3,5,5,5,2,3,5,1,5,6,4,4,4,4,6,5,6,2,6,5,2,2,1,3,6,4,5,5,4,4,1,3,1,5,7,6,4,6,5,7,4,4,5,4,5,5,4,5,4,6,5,4,6,5,6,4,5,6,4,5,4,4,4,4,7,5,6,6,4,4,4,4,4,4,4,4,4,2,19,6,biracial,2,7,1,1,Presbyterian,,4,4,2,5,3,2,1,4,4,3,Cont,Care
9/16/2016 7:57,9/16/2016 8:34,8:00-9:00,2,5,1,,8,5,5,4,5,3,6,5,6,6,5,5,3,4,5,5,5,5,5,4,6,5,5,6,6,3,5,4,5,6,5,6,3,1,1,2,2,3,8,1,9,5,9,9,5,8,1,4,5,3,9,6,6,7,6,8,5,8,2,5,7,6,6,5,4,4,5,4,5,7,6,4,4,4,5,4,4,5,6,7,9,4,2,19,5,,4,2,1,1,Quaker,,2,4,3,6,5,6,3,3,3,3,Cont,Purity
9/19/2016 7:54,9/19/2016 8:22,8:00-9:00,2,5,3,,8,5,5,1,6,1,6,6,3,1,6,1,1,3,6,6,1,1,1,6,1,6,1,6,1,1,1,1,1,1,1,1,1,1,1,1,2,1,1,9,1,9,1,1,9,1,9,9,1,9,9,9,9,1,9,1,1,9,9,9,1,9,1,9,9,1,9,1,9,1,1,1,1,1,1,9,1,1,1,9,9,9,2,20,5,,2,7,1,10,,I dont subscribe to any particular religion but pull from hinduism and buddhism among others  I would also like to add that throughout the study i replaced the word religion with spirituality and replace God with higher power and replace prayer with meditation and introspection,1,6,1,9,1,7,4,1,5,2,Cont,Care
9/20/2016 11:40,9/20/2016 12:53,12:00-1:00,2,4,1,,8,5,5,4,4,3,4,4,4,3,5,4,4,5,5,4,4,3,4,2,4,4,4,3,2,4,4,4,2,6,5,5,1,2,2,1,3,2,7,6,4,4,5,3,3,5,2,1,7,2,5,2,5,4,5,7,4,6,3,3,7,4,4,6,1,6,5,5,6,5,4,6,4,4,8,8,6,4,4,6,8,4,2,18,5,,2,7,1,1,Non-Denominational,,3,4,4,8,6,6,5,5,2,1,Cont,Purity
9/20/2016 12:53,9/20/2016 13:26,1:00-2:00,2,4,4,,8,5,5,4,6,4,5,6,5,5,5,5,4,4,4,5,5,4,5,3,5,6,3,6,4,3,5,5,2,6,5,3,2,3,3,1,3,1,6,9,7,2,2,1,9,4,2,5,5,6,4,5,4,4,4,7,8,8,4,4,2,4,9,9,5,5,8,6,7,8,8,9,9,6,7,2,8,2,8,8,4,4,2,18,1,,4,3,1,1,Baptist,,3,5,4,5,4,4,4,4,2,3,Cont,Care
9/20/2016 14:04,9/20/2016 14:57,2:30-3:30,2,2,2,,8,5,5,4,6,3,6,6,5,4,6,5,4,5,6,6,6,2,4,6,5,5,3,6,6,4,6,3,4,6,6,4,4,2,1,1,2,2,7,8,7,7,8,6,6,6,1,2,6,5,8,3,4,1,5,9,6,7,1,2,2,4,4,5,5,8,9,5,6,9,9,9,5,1,4,6,6,4,1,6,7,9,2,18,5,,3,4,1,2,,,4,3,5,8,6,6,7,7,2,3,Cont,Purity
9/20/2016 16:22,9/20/2016 16:48,4:30-5:30,1,6,1,,8,6,4,5,5,3,5,6,5,2,5,5,4,4,4,5,5,4,4,4,6,6,3,3,2,3,4,3,4,5,5,5,2,1,1,2,2,1,7,3,6,3,6,5,5,6,2,3,6,4,6,5,6,7,6,7,5,8,4,8,6,8,4,6,4,8,4,4,8,6,6,4,4,4,6,7,7,6,6,6,7,7,1,19,5,,2,6,1,1,Baptist,,3,5,5,9,3,2,5,5,4,1,Cont,Purity
9/22/2016 12:07,9/22/2016 12:49,12:30-1:30,2,2,2,,8,5,5,6,3,3,4,4,3,2,4,3,2,4,3,4,3,4,5,6,6,4,6,6,4,4,5,5,4,4,5,5,2,4,2,3,2,2,5,1,2,1,1,3,2,2,5,5,6,6,6,4,7,3,4,9,3,9,2,9,1,6,2,9,3,9,6,7,9,9,4,7,2,6,7,9,3,7,9,9,9,9,2,19,2,,3,6,1,6,,,5,6,6,9,3,2,5,6,4,1,Cont,Care
9/22/2016 13:06,9/22/2016 14:22,1:30-2:30,2,2,1,,8,6,4,3,4,4,6,6,6,4,6,4,4,6,6,6,6,4,3,4,6,6,1,6,5,3,3,5,6,5,5,6,6,3,1,2,1,3,5,7,1,9,5,1,4,1,9,4,4,9,4,6,9,6,9,9,9,6,1,9,6,9,6,4,9,4,1,1,4,9,1,4,4,1,6,4,4,5,4,4,7,9,2,20,3,,3,2,1,2,,,3,5,3,5,2,2,2,2,6,1,Cont,Purity
9/27/2016 11:10,9/27/2016 12:17,11:30-1:30,2,4,1,,8,4,6,5,3,3,3,5,5,5,6,5,4,5,5,6,5,6,5,6,6,6,4,6,5,5,6,5,6,6,5,4,3,4,3,4,3,4,9,4,7,5,6,6,3,6,4,5,7,4,8,7,6,5,6,9,6,6,6,5,6,6,6,6,6,6,5,6,6,8,7,8,6,6,6,6,5,6,5,6,6,5,2,24,5,,3,1,1,1,Baptist,,3,3,3,7,2,6,2,4,5,3,Cont,Care
9/29/2016 11:19,9/29/2016 12:13,12:30-1:30,2,4,3,,8,5,5,6,5,4,5,4,4,4,6,4,5,6,6,6,5,3,4,6,5,3,4,4,5,2,4,5,3,6,4,4,3,1,1,3,2,2,8,9,4,2,4,4,6,8,1,1,9,5,9,4,6,3,8,1,2,6,2,2,1,5,1,9,1,8,4,1,8,7,4,6,1,4,9,9,6,1,5,9,6,5,2,18,5,,1,7,1,1,Evangelical,,5,6,5,9,6,7,7,7,1,1,Cont,Purity
10/3/2016 14:18,10/3/2016 15:18,2:30-3:30,1,6,4,,8,3,7,5,6,4,5,5,6,4,4,3,2,5,4,5,3,4,4,1,5,1,6,5,6,5,4,6,1,6,5,6,3,4,1,2,4,1,6,9,6,4,6,7,8,2,3,6,7,3,8,6,5,6,9,6,1,4,6,7,4,5,9,6,4,9,5,4,4,4,4,1,4,2,5,4,6,6,1,7,9,1,1,18,5,,2,7,1,1,Baptist,,3,4,5,6,5,6,5,7,2,3,Cont,Purity
10/4/2016 9:21,10/4/2016 10:02,9:30-10:30,2,5,2,,8,5,5,6,4,4,6,6,5,5,6,6,4,4,5,5,4,5,5,5,6,6,4,5,6,5,4,6,3,6,4,4,2,1,1,3,2,3,6,7,6,5,6,3,6,2,1,5,5,6,6,6,5,4,8,5,3,9,3,4,4,5,4,6,4,4,4,3,7,6,4,9,4,3,5,4,5,5,4,6,6,4,2,21,5,,2,6,1,1,Episcopalian ,,2,5,4,8,5,6,3,3,3,3,Cont,Purity
10/6/2016 11:44,10/6/2016 12:54,12:00-1:00,2,4,1,,8,5,5,3,5,2,5,5,5,2,4,2,3,5,5,5,4,1,4,4,4,6,2,4,4,3,1,5,2,4,4,4,1,2,1,2,2,2,7,7,6,4,4,4,2,5,2,4,8,1,4,1,5,2,5,4,5,5,4,4,3,3,4,5,4,6,5,5,5,5,4,4,4,4,4,6,5,4,5,6,5,4,2,28,2,,4,2,1,1,Reformed Baptist,,,4,5,6,5,5,5,5,2,3,Cont,Purity
10/7/2016 12:41,10/7/2016 13:58,1:00-2:00,2,3,1,,1,5,5,5,5,2,6,5,4,4,5,4,5,4,5,5,4,4,2,5,6,5,1,6,5,4,5,4,3,6,4,6,3,4,3,1,2,1,4,7,5,5,3,1,8,5,4,4,5,5,5,4,4,1,1,5,5,6,5,6,1,5,5,7,5,6,4,5,6,6,4,8,5,1,6,5,5,2,5,6,4,5,2,19,2,,3,4,1,2,,,2,6,3,7,4,4,4,4,4,3,Cont,Care
10/11/2016 11:34,10/11/2016 12:31,12:00-1:00,2,4,1,,8,5,5,6,4,4,5,5,5,4,5,6,4,5,5,5,4,4,2,5,4,3,4,6,5,3,5,4,5,5,5,6,3,2,1,3,1,2,6,3,5,2,4,3,4,8,2,1,8,4,5,2,5,5,3,6,7,8,3,6,5,4,6,6,4,5,6,3,7,6,6,5,4,2,5,4,7,6,4,5,7,7,2,18,1,,2,7,1,1,Non-Denominational Christian,,3,5,5,7,4,4,2,2,6,1,Cont,Care
10/11/2016 13:33,10/11/2016 15:08,2:30-3:30,2,2,1,,8,5,5,6,6,3,5,5,5,5,5,6,4,5,6,5,5,5,4,3,5,6,4,6,6,5,5,5,2,6,6,6,4,1,1,1,3,2,8,5,6,4,6,6,2,6,3,3,5,3,7,5,4,5,4,7,6,6,4,5,4,6,4,7,4,8,7,6,6,6,5,5,4,6,4,5,4,3,5,6,6,5,2,18,5,,2,7,1,1,methodist,,4,4,6,7,6,6,6,7,2,1,Cont,Purity
10/11/2016 15:02,10/11/2016 15:56,3:30-4:30,1,6,2,,8,6,4,4,3,2,3,4,3,3,5,4,2,2,4,5,4,3,3,4,5,3,4,5,4,2,4,5,1,4,4,3,3,3,1,1,2,1,4,6,4,5,2,1,7,1,4,4,6,6,8,5,6,2,9,5,4,7,1,6,1,6,6,8,4,4,5,6,5,6,4,8,4,1,9,6,4,4,6,6,8,7,1,18,1,,2,6,1,2,,,3,3,4,7,3,5,2,4,4,1,Cont,Care
10/13/2016 9:21,10/13/2016 10:02,9:30-10:30,2,5,1,,8,5,5,4,3,4,6,6,5,5,6,4,5,4,5,6,5,6,6,4,6,3,5,5,5,4,5,6,5,6,5,5,4,2,2,4,1,3,9,8,4,1,5,8,3,9,1,1,9,1,1,1,1,2,2,9,2,6,2,2,2,1,1,8,1,8,3,6,8,1,3,2,1,1,9,9,8,2,1,9,5,2,2,18,5,,2,5,1,1,Baptist,,3,5,5,7,6,6,5,6,2,1,Cont,Care
10/13/2016 13:40,10/13/2016 14:23,2:00-3:00,2,4,1,,8,5,5,5,5,4,5,5,5,5,5,5,5,5,5,5,5,5,5,4,5,4,5,4,4,4,3,5,2,6,6,6,2,2,4,1,2,1,8,1,1,1,4,5,1,1,3,1,9,1,5,5,7,5,6,9,5,9,4,4,5,5,2,9,1,9,5,4,9,7,4,7,1,4,7,7,6,1,1,9,6,5,2,18,5,,3,5,1,1,Lutheran,,5,6,5,7,6,5,5,6,3,3,Cont,Care
10/17/2016 14:22,10/17/2016 14:59,2:30-3:30,1,6,3,,8,3,7,2,5,5,6,4,5,5,5,5,1,5,6,6,5,5,3,6,6,6,5,6,5,3,5,3,1,6,4,5,1,1,1,4,1,1,4,9,4,9,3,1,9,1,9,6,2,9,4,4,4,4,4,9,4,4,8,4,4,4,4,4,9,4,4,4,4,4,4,4,4,4,4,4,4,4,4,4,4,4,1,20,3,,1,7,2,8,,,1,1,1,1,2,6,1,1,6,1,Cont,Purity
10/18/2016 12:16,10/18/2016 13:13,12:30-1:30,2,2,2,,8,5,5,4,5,3,6,5,5,4,6,4,5,3,6,6,6,5,5,5,6,5,2,5,3,3,4,5,3,5,3,5,6,3,2,1,1,1,5,3,7,6,4,6,6,6,4,6,4,4,6,4,4,4,4,6,4,6,6,6,4,4,4,6,4,5,6,5,6,6,6,6,4,4,4,6,4,3,3,4,6,7,2,19,5,,2,5,1,1,orthodox,orthodox ,3,4,4,6,5,2,2,4,5,3,Cont,Care
10/19/2016 8:49,10/19/2016 9:32,9:00-10:00,2,5,2,,8,5,5,6,5,5,5,6,6,5,5,5,5,5,5,3,4,5,4,2,5,2,6,5,3,4,4,5,1,6,5,5,4,3,3,2,1,1,1,6,9,1,6,4,1,9,1,1,9,1,9,6,7,5,7,8,3,7,5,7,2,3,1,9,1,9,3,7,9,5,3,9,1,1,9,9,8,2,6,9,9,3,2,20,5,,2,7,1,1,Non-denominational,,5,6,6,7,6,6,5,7,3,1,Cont,Care
10/20/2016 11:35,10/20/2016 13:46,12:00-1:00,2,4,1,,8,5,5,6,4,4,6,6,6,4,4,6,5,5,5,5,5,4,4,5,5,4,3,5,3,3,4,5,3,5,5,5,3,1,1,1,2,1,9,1,8,2,8,6,2,6,3,3,9,6,5,4,5,3,5,9,6,8,2,4,2,5,3,5,4,9,6,2,7,7,7,5,3,3,7,7,5,5,5,5,5,5,2,19,3,,3,6,1,1,Non Denominational ,,3,6,5,8,6,6,6,6,2,3,Cont,Purity
10/20/2016 13:46,10/20/2016 14:36,2:00-3:00,2,3,1,,8,5,5,5,6,4,6,4,4,5,4,6,4,5,5,3,3,5,4,5,4,3,3,3,5,4,4,4,3,6,4,3,4,1,1,2,1,1,5,2,7,3,7,2,2,6,1,4,5,4,7,6,7,4,9,3,6,8,7,6,4,6,4,6,4,7,4,4,6,6,5,4,4,5,7,7,8,4,6,7,7,3,2,19,5,,2,7,1,1,Methodist,,5,4,4,9,4,6,3,5,3,3,Cont,Care
10/24/2016 14:12,10/24/2016 14:49,2:30-3:30,1,6,1,,8,6,4,4,2,5,6,6,6,4,6,6,3,5,6,6,6,6,3,3,5,6,2,6,5,1,2,2,3,6,5,5,4,2,1,3,1,1,4,3,1,6,2,1,7,1,3,4,1,9,9,4,9,9,9,8,1,9,9,9,9,9,6,4,5,1,6,9,6,9,8,1,1,1,6,6,5,5,5,7,7,6,1,19,1,,3,5,1,1,Non-denominational,,2,3,1,2,2,3,1,1,5,1,Cont,Care
10/25/2016 12:13,10/25/2016 13:01,12:30-1:30,2,2,2,,8,5,5,1,4,4,5,5,5,5,5,5,3,4,5,5,2,4,3,5,6,4,3,6,5,3,5,3,3,5,4,6,4,1,1,2,1,1,2,9,6,9,5,2,9,2,7,9,7,7,7,8,5,6,6,7,5,7,7,8,8,7,7,8,8,4,8,7,5,8,7,9,8,5,7,2,3,7,7,6,6,9,2,19,2,,2,7,1,2,,,3,4,3,4,2,2,2,2,6,3,Cont,Care
10/25/2016 14:02,10/25/2016 14:45,2:30-3:30,2,2,2,,8,5,5,4,6,1,6,5,6,2,3,4,1,3,6,6,6,2,1,4,5,4,1,5,4,2,2,1,5,4,1,5,1,2,1,2,1,2,1,9,6,5,8,2,4,1,2,8,3,9,9,9,7,8,6,3,4,9,8,8,9,7,3,8,2,8,2,4,8,6,4,9,2,4,9,8,8,5,3,6,8,3,2,18,5,,4,1,1,1,Non-denominational,,3,6,6,9,2,2,2,2,6,3,Cont,Purity
10/27/2016 11:35,10/27/2016 13:20,12:00-1:00,2,4,2,,8,5,5,4,4,4,5,5,4,6,5,5,4,5,5,5,5,6,5,5,5,4,5,4,2,4,1,4,2,6,5,5,4,3,4,2,4,2,8,2,9,2,7,4,1,5,1,1,7,2,8,4,8,5,7,8,3,4,4,4,4,3,1,7,1,9,5,4,8,5,2,9,2,2,8,8,8,1,3,9,7,5,2,20,5,,3,5,1,1,non denominational,,4,6,6,9,5,5,5,6,3,1,Cont,Care
10/28/2016 12:38,10/28/2016 13:46,1:00-2:00,2,3,1,,8,3,7,4,5,4,5,3,5,5,3,4,3,5,5,5,5,5,5,4,4,2,5,3,4,4,5,5,2,6,5,4,4,3,3,1,5,1,6,6,6,5,5,4,6,6,3,4,6,5,6,8,4,6,4,5,7,8,4,6,2,5,4,5,4,4,4,4,5,6,6,3,6,2,5,5,5,4,2,6,6,5,2,21,5,,2,7,1,1,Baptist,,2,3,3,5,4,6,4,5,3,1,Cont,Purity
10/28/2016 14:18,10/28/2016 14:45,2:30-3:30,2,7,1,,8,0,10,5,5,4,6,5,5,5,6,4,4,4,6,6,6,5,1,2,4,4,1,6,5,1,5,6,2,4,1,4,4,2,2,1,4,1,4,9,1,9,4,1,9,1,1,9,1,9,6,6,6,3,4,6,3,9,5,5,1,3,9,5,9,4,8,1,1,1,2,3,2,2,4,1,9,8,1,1,4,4,2,20,5,,2,7,3,1,russian orthodox,russian orthodox,,2,3,5,2,2,1,2,6,1,Cont,Purity
10/31/2016 14:19,10/31/2016 14:54,2:30-3:30,1,6,1,,8,4,6,4,4,4,4,5,4,1,3,2,1,1,1,1,1,4,3,3,4,3,4,5,6,4,5,4,3,4,3,5,5,2,2,1,1,1,5,6,6,3,5,5,6,5,3,4,6,5,6,6,6,6,6,7,4,6,7,5,5,5,4,5,4,7,4,4,6,6,4,4,4,5,4,6,6,5,5,6,6,5,1,18,2,,4,3,1,1,Baptist,,4,4,5,7,5,5,4,5,4,1,Cont,Care
10/31/2016 14:17,10/31/2016 15:06,2:30-3:30,2,7,1,,8,5,5,4,5,2,5,5,3,5,5,5,4,5,6,6,4,6,5,4,6,4,5,4,6,3,5,4,1,6,5,5,4,2,1,2,2,1,4,2,7,1,1,5,1,9,1,1,9,1,5,8,8,5,9,7,3,7,8,8,3,7,3,5,1,8,7,6,9,8,4,8,1,2,5,7,7,2,5,8,8,6,2,18,5,,3,4,1,1,undenominational,,5,4,5,8,7,7,7,7,1,1,Cont,Care
11/1/2016 12:06,11/1/2016 15:09,2:30-3:30,2,2,1,,8,5,5,6,6,5,6,6,6,4,3,6,5,5,4,6,6,5,5,6,5,5,4,6,5,5,6,5,3,5,5,6,4,3,1,1,2,1,8,6,8,5,8,7,5,7,3,4,8,4,7,1,5,6,5,9,6,7,2,2,5,4,2,6,5,9,8,5,6,8,8,9,5,5,7,5,7,4,6,7,6,6,2,18,3,,3,5,1,2,,,4,4,5,8,4,3,2,2,5,1,Cont,Purity
11/3/2016 11:32,11/3/2016 13:43,12:00-1:00,2,4,1,,8,5,5,3,6,5,6,6,6,6,6,6,6,6,6,6,6,6,3,4,6,5,4,6,6,4,6,6,6,4,4,6,4,2,1,1,2,1,5,9,5,5,5,4,5,4,6,6,6,6,4,6,9,7,7,1,9,8,3,7,1,5,6,6,6,6,4,5,6,4,5,5,5,6,6,4,6,6,6,6,6,6,2,18,2,,3,2,1,6,,,5,4,6,9,3,2,1,1,7,1,Cont,Purity
11/3/2016 12:12,11/3/2016 13:04,12:30-1:30,2,2,1,,8,5,5,6,5,4,6,6,6,4,6,6,2,5,6,6,5,3,4,4,5,5,5,6,5,5,5,4,2,6,3,3,5,4,2,4,2,3,9,7,9,1,5,3,6,9,1,1,6,1,9,1,4,4,3,9,7,6,1,6,2,2,1,6,2,6,5,4,8,4,2,4,4,4,8,4,5,2,3,8,8,5,2,18,5,,3,5,1,1,Assemblies of God,,4,4,5,9,4,4,6,6,3,1,Cont,Care
11/4/2016 13:18,11/4/2016 13:58,1:30-2:30,2,7,1,,8,5,5,5,5,4,6,4,4,3,4,5,2,4,6,6,6,4,3,5,5,4,5,5,5,4,3,2,2,5,4,5,3,2,1,2,1,1,6,7,3,3,7,3,2,3,2,5,6,3,9,6,4,4,7,2,3,8,7,7,4,8,6,3,3,2,3,4,3,8,7,3,4,4,4,4,8,7,3,4,7,3,2,18,5,,1,7,1,2,,,2,2,2,7,3,4,3,5,4,1,Cont,Care
11/4/2016 14:42,11/11/2016 12:53,3:00-4:00,2,3,1,,8,5,5,5,5,3,6,6,6,3,5,5,3,3,6,6,4,3,1,3,6,4,2,5,4,4,3,2,4,5,4,4,2,2,1,2,2,2,4,5,9,1,9,8,1,7,1,4,6,1,6,9,7,4,9,4,1,9,9,9,6,6,1,9,1,9,1,7,7,8,3,4,2,5,8,9,5,5,6,9,9,1,2,18,3,,3,5,1,1,non-denominational,,4,5,5,9,2,3,1,1,6,3,Cont,Purity
11/7/2016 14:15,11/7/2016 15:05,2:30-3:30,2,7,1,,8,5,5,6,5,3,5,5,5,4,5,6,5,6,6,6,5,5,3,4,5,5,6,6,5,3,5,4,3,6,6,4,4,2,2,1,1,1,9,1,9,1,7,6,2,5,1,1,1,1,3,1,4,2,1,8,6,7,2,2,1,4,5,9,1,9,5,5,9,6,1,9,1,1,9,9,9,4,9,9,9,6,2,19,5,,2,7,1,1,Non-Denominational,,5,6,6,9,6,6,6,6,2,1,Cont,Care
11/8/2016 12:09,11/8/2016 13:03,12:30-1:30,2,2,2,,8,5,5,6,5,4,6,6,5,4,4,6,4,4,6,4,2,5,4,6,5,4,5,6,3,3,3,6,1,6,4,4,3,2,4,4,2,1,9,1,9,1,1,9,4,9,1,1,9,1,9,9,9,9,9,1,7,7,9,9,9,7,1,9,1,9,1,6,9,1,6,9,1,1,9,9,4,1,3,9,9,1,2,18,5,,3,5,1,1,non-denominational,,5,6,6,9,5,5,6,6,3,1,Cont,Care
11/8/2016 15:25,11/8/2016 15:49,3:30-4:30,1,6,4,,8,5,5,1,3,6,4,6,6,5,5,6,1,3,6,6,5,2,1,6,5,5,1,6,1,1,3,2,6,3,1,5,2,2,1,1,2,1,1,9,1,9,1,1,9,1,1,9,1,9,1,9,9,1,9,9,1,9,1,1,1,9,9,1,6,1,5,1,4,1,6,1,9,1,1,1,1,9,6,1,1,8,1,19,2,,4,3,2,3,,,1,1,2,2,1,1,1,1,7,1,Cont,Purity
11/9/2016 7:56,11/9/2016 8:35,8:00-9:00,2,5,1,,8,5,5,5,5,4,6,6,6,6,6,6,2,3,6,6,4,5,2,5,6,5,3,6,2,4,5,1,5,4,4,5,1,1,1,4,1,2,6,9,5,6,3,2,9,2,5,7,3,8,9,9,9,9,9,1,3,9,9,9,8,9,4,6,6,2,2,2,6,4,4,8,2,1,8,6,4,2,2,8,6,3,2,20,5,,1,7,1,1,Baptist,,2,4,3,9,4,4,4,4,4,1,Cont,Purity
11/9/2016 14:11,11/9/2016 14:56,2:30-3:30,2,7,1,,8,3,7,6,6,6,6,6,4,4,6,4,6,6,6,5,4,6,6,2,5,6,6,5,6,2,4,6,1,6,5,5,1,3,2,1,4,1,9,9,9,1,6,9,6,9,1,1,9,8,7,2,6,1,6,9,1,1,1,2,1,2,2,9,1,6,2,1,6,6,1,9,1,1,6,9,9,1,1,8,9,1,2,18,5,,2,6,1,1,Baptist,,4,5,4,9,7,7,7,7,1,1,Cont,Purity
11/10/2016 12:09,11/10/2016 13:00,12:30-1:30,2,2,1,,8,5,5,3,4,5,6,5,5,4,6,5,3,4,6,5,4,4,5,6,5,4,2,6,3,2,4,4,4,4,4,6,1,1,1,4,2,4,1,9,1,9,1,1,9,1,7,8,1,9,9,9,9,4,9,1,4,9,9,9,4,4,6,5,8,4,4,4,4,4,4,8,5,1,2,6,5,5,5,6,4,4,2,18,5,,2,6,1,2,,,3,3,3,6,2,4,1,1,6,1,Cont,Purity
11/10/2016 12:47,11/10/2016 13:45,2:00-3:00,2,4,3,,8,5,5,4,4,3,6,4,5,4,6,4,4,6,6,6,5,5,4,5,6,6,5,6,6,4,5,3,4,6,4,5,5,2,1,2,1,1,5,5,3,6,6,1,7,3,3,7,5,9,9,8,8,4,7,7,6,8,9,9,1,5,9,4,9,3,7,2,4,4,4,5,5,1,5,6,5,1,5,4,5,7,2,20,6,black & white/mixed race,3,5,1,1,,christian,1,2,2,5,4,2,2,3,5,3,Cont,Care
11/11/2016 7:44,11/11/2016 8:45,8:00-9:00,2,5,2,,8,5,5,6,6,4,6,6,6,3,5,5,4,5,6,6,4,4,3,5,6,5,6,6,4,5,5,4,2,6,6,5,6,5,4,1,4,1,9,9,6,8,4,6,8,7,4,5,8,5,6,7,8,8,8,8,5,9,9,4,1,4,3,6,5,9,4,4,9,4,6,8,1,1,9,9,9,1,1,9,8,5,2,19,6,Mixed,3,6,1,2,,,5,6,6,9,5,6,6,6,3,3,Cont,Care
11/11/2016 13:20,11/11/2016 14:05,1:30-2:30,2,7,2,,8,5,5,6,5,4,6,5,5,4,5,5,4,4,5,5,4,4,4,5,6,5,3,6,5,4,3,4,4,4,4,4,3,1,1,1,2,1,6,5,6,5,5,5,6,7,4,4,6,1,6,4,5,5,5,6,5,6,5,5,3,6,5,8,4,8,7,5,8,6,2,8,5,1,5,5,6,5,3,7,6,5,2,19,2,,2,3,1,1,baptist,,3,5,5,7,3,3,5,6,4,3,Cont,Purity
11/11/2016 14:17,11/11/2016 15:11,2:30-3:30,2,7,1,,8,2,8,5,6,5,6,6,6,6,6,6,3,4,6,6,4,6,2,6,5,5,1,6,3,1,5,1,1,5,1,6,5,2,2,1,4,1,6,2,3,3,8,4,9,4,5,2,4,1,9,4,8,1,6,2,2,4,6,6,1,2,5,7,1,2,1,3,6,4,1,9,2,2,6,9,3,2,2,8,9,4,2,18,1,,2,7,1,1,Baptist,,4,3,2,9,1,2,1,1,7,1,Cont,Care
11/14/2016 7:56,11/14/2016 8:30,8:00-9:00,2,5,2,,8,3,7,5,6,5,6,4,6,3,4,4,3,5,4,4,4,4,3,5,5,6,4,5,4,4,4,5,3,5,5,6,3,3,2,1,4,1,5,5,5,6,6,5,9,4,4,4,4,9,9,9,9,4,9,2,6,8,9,9,3,4,6,6,7,8,4,4,6,6,4,4,6,4,8,5,9,4,4,6,7,4,2,18,5,,3,5,1,2,,,3,4,4,7,6,6,2,3,4,1,Cont,Purity
11/14/2016 14:17,11/14/2016 14:59,2:30-3:30,1,6,4,,8,5,5,2,4,4,6,5,4,4,5,3,2,2,4,5,5,3,4,5,6,2,4,6,1,2,4,3,2,5,3,5,1,2,2,1,1,1,4,8,6,6,5,6,7,4,3,6,8,6,5,6,6,4,6,7,4,7,7,7,4,4,5,5,8,3,6,3,4,4,3,3,5,3,4,4,4,4,4,4,4,5,1,19,3,,2,6,1,2,,,2,2,3,2,5,6,6,4,3,2,Cont,Care
11/15/2016 9:22,11/15/2016 10:04,9:30-10:30,2,5,1,,8,5,5,3,4,2,5,3,5,3,3,3,3,4,3,4,4,4,3,6,5,6,3,5,5,3,5,6,3,5,5,5,3,2,1,1,2,1,5,5,5,5,6,5,4,4,5,4,6,6,5,4,5,4,5,6,4,5,4,6,4,5,5,4,5,6,5,4,5,6,4,6,5,4,5,5,6,5,4,5,6,5,2,18,5,,2,,1,2,,,4,5,4,6,5,5,6,6,2,3,Cont,Purity
11/15/2016 12:05,11/15/2016 14:21,12:30-1:30,2,2,3,,8,4,6,3,4,3,6,5,5,5,6,4,4,4,6,6,5,4,3,5,6,6,4,5,4,2,4,3,3,4,4,5,4,3,2,3,1,2,4,6,5,7,4,5,9,4,4,5,5,8,6,8,6,6,6,7,4,6,6,6,5,3,7,4,7,5,7,4,5,7,5,6,5,3,7,6,8,5,5,4,4,6,2,19,5,,3,5,1,1,Lutheran,,2,2,2,5,4,4,3,4,5,1,Cont,Care
11/15/2016 13:50,11/15/2016 14:26,2:00-3:00,2,3,2,,8,5,5,1,5,4,6,6,4,2,4,5,4,4,5,5,6,2,2,2,4,4,5,6,5,4,3,5,1,5,2,4,3,1,1,2,1,1,1,9,1,9,1,1,8,1,9,8,1,9,4,9,9,1,4,8,1,7,7,5,1,1,4,4,8,1,1,1,1,1,1,1,6,1,1,1,1,4,1,1,1,1,2,34,5,,4,4,2,7,,,1,1,1,1,5,5,3,2,4,3,Cont,Purity
11/15/2016 14:51,11/15/2016 15:33,3:00-4:00,2,3,1,,8,5,5,4,6,4,6,6,6,3,6,4,4,4,5,4,4,4,4,6,6,6,5,6,4,3,4,5,3,6,6,4,4,3,2,2,4,4,7,9,6,4,4,4,5,4,5,5,6,9,8,6,5,4,5,5,5,5,5,5,4,5,4,9,5,5,6,4,6,6,6,4,4,4,6,5,5,4,4,6,6,5,2,19,2,,3,5,1,2,,,4,5,5,5,4,4,3,5,4,3,Cont,Purity
11/16/2016 7:58,11/16/2016 8:32,8:00-9:00,2,5,3,,8,5,5,3,4,3,5,5,4,3,5,4,3,4,6,6,6,4,3,3,4,4,4,6,3,3,4,2,4,4,4,6,4,2,2,1,1,1,5,6,5,7,5,5,6,3,5,5,6,9,6,7,6,5,6,4,3,7,6,6,6,5,5,6,5,5,6,5,5,6,6,5,5,4,5,5,5,4,4,6,5,5,2,18,1,,2,6,3,1,Non-denominational,,2,4,4,4,4,2,2,4,6,1,Cont,Care
11/17/2016 9:29,11/17/2016 10:08,9:30-10:30,2,5,2,,8,5,5,5,5,2,6,5,5,4,6,4,2,4,5,5,4,2,2,5,5,5,2,4,5,3,5,5,2,5,4,4,2,2,1,3,2,1,5,8,7,4,5,3,4,4,2,4,5,5,5,3,6,2,5,9,5,4,2,2,2,3,5,3,3,1,5,4,5,8,6,2,1,3,5,3,5,1,3,6,3,5,2,18,5,,2,6,1,2,,,4,3,2,5,4,4,4,4,4,3,Cont,Care
11/17/2016 13:11,11/17/2016 13:52,1:30-2:30,2,2,1,,8,5,5,6,5,4,6,6,5,4,6,6,6,6,6,5,5,4,5,6,6,6,5,5,6,2,4,5,2,6,6,5,4,3,1,3,2,1,9,1,9,3,9,2,1,9,1,2,9,2,8,2,1,1,1,9,9,1,1,1,1,7,1,9,2,9,5,3,9,7,1,9,1,3,9,7,4,3,1,9,9,6,2,18,5,,2,7,1,1,Baptist,,5,5,5,7,7,7,7,7,1,1,Cont,Purity
11/18/2016 7:56,11/18/2016 8:32,8:00-9:00,2,5,1,,8,7,3,5,5,2,6,5,5,5,6,5,3,3,6,6,4,6,4,5,6,3,3,6,4,2,4,1,2,6,4,6,1,3,3,1,2,1,9,1,7,4,7,6,5,5,1,3,9,1,9,1,1,1,1,1,5,1,7,5,1,1,4,6,1,5,4,5,6,5,5,6,1,1,5,5,4,1,5,5,5,5,2,18,1,,3,3,1,1,Baptist,,5,6,4,7,3,3,1,2,6,3,Cont,Care
11/18/2016 8:38,11/18/2016 9:24,9:00-10:00,2,5,1,,8,5,5,4,5,4,6,6,5,4,5,5,4,5,6,6,5,5,4,6,6,5,5,5,5,3,5,5,3,5,5,4,5,3,2,2,1,1,5,3,8,3,7,6,5,7,1,2,7,2,8,6,6,4,5,8,2,7,2,7,3,2,3,6,2,7,5,1,9,6,4,1,2,3,6,8,7,3,5,9,8,5,2,21,5,,1,7,1,1,Nondenominational,,4,4,4,7,6,6,4,5,2,1,Cont,Care
11/18/2016 14:17,11/18/2016 15:08,2:30-3:30,2,7,4,,7,5,5,6,5,5,4,4,6,4,4,6,4,4,6,5,5,5,5,5,5,2,2,6,2,3,3,4,5,6,6,5,5,3,3,2,4,2,7,3,8,2,8,9,7,9,1,2,8,2,9,2,8,3,8,9,4,9,8,3,7,5,2,8,1,9,2,3,9,3,1,9,1,1,7,9,5,2,6,9,7,2,2,18,5,,2,6,1,1,,,4,6,5,9,4,5,2,6,3,1,Cont,Care
11/21/2016 7:52,11/21/2016 9:36,9:00-10:00,2,5,4,,8,5,5,4,3,2,6,6,6,3,3,4,2,2,6,6,3,4,2,6,5,4,1,4,4,3,2,4,3,4,4,3,3,1,1,1,2,1,5,5,3,4,1,2,4,4,2,2,3,6,8,6,7,8,7,3,4,7,7,8,7,6,3,6,4,9,5,3,8,5,3,8,4,4,9,9,6,3,3,6,7,6,2,19,5,,2,7,1,1,Pentecostal,,3,5,6,7,5,5,5,5,3,3,Cont,Purity
11/21/2016 8:17,11/21/2016 8:59,8:30-9:30,2,7,3,,8,5,5,3,4,3,5,4,5,3,5,4,2,5,5,5,5,4,4,5,6,5,2,4,5,3,4,4,4,6,5,3,4,3,2,2,1,1,5,6,6,6,4,4,6,4,4,5,3,6,7,7,7,6,6,4,4,6,5,7,6,5,5,7,8,4,4,4,5,6,4,6,4,4,7,7,5,4,4,4,6,7,2,18,5,,3,4,1,1,non denominational ,,2,4,2,5,4,4,3,3,5,1,Cont,Care
11/21/2016 14:18,11/21/2016 14:51,2:30-3:30,1,6,3,,8,5,5,2,4,3,3,3,3,3,4,2,3,3,5,4,3,4,4,3,4,2,5,6,4,2,2,3,4,4,4,3,3,1,1,1,2,1,5,5,5,7,4,2,7,5,5,5,5,5,6,5,5,5,5,5,5,5,6,6,5,5,7,5,7,5,6,5,3,4,2,2,5,5,5,5,1,3,5,3,4,6,1,19,3,,5,4,1,2,,,1,2,2,3,4,4,4,4,4,1,Cont,Purity
11/22/2016 11:34,11/22/2016 12:45,12:00-1:00,2,4,1,,8,5,5,5,5,6,6,5,5,5,5,5,5,5,5,5,5,6,5,3,6,6,4,6,5,5,6,6,5,6,4,5,2,2,1,1,4,2,9,1,9,1,9,7,1,9,1,1,9,1,1,3,6,1,5,9,5,6,1,1,1,1,1,9,1,7,7,9,9,7,5,9,1,1,9,8,7,3,9,9,9,9,2,20,1,,2,7,1,1,Baptist,,5,4,4,9,6,6,6,6,2,1,Cont,Purity
11/28/2016 7:54,11/28/2016 9:29,9:00-10:00,2,5,1,,8,5,5,5,6,6,6,6,6,6,6,6,6,6,6,6,6,4,5,2,4,4,4,4,2,3,2,4,2,4,3,6,3,2,1,1,1,1,6,1,9,2,5,5,1,7,1,1,7,1,7,4,9,4,6,6,3,5,3,4,4,4,2,6,3,4,4,3,6,5,3,5,1,1,8,2,3,2,3,9,9,4,2,19,5,,1,7,1,1,Evangelical,,5,5,6,8,6,6,6,6,2,1,Cont,Care
11/28/2016 8:16,11/28/2016 8:57,8:30-9:30,2,7,3,,8,4,6,3,6,1,6,6,4,3,4,2,1,1,6,5,3,3,2,4,5,6,1,6,6,2,4,2,3,5,1,3,3,1,1,4,1,3,5,4,6,5,5,4,6,3,5,6,6,5,6,5,4,6,5,6,6,5,6,7,6,5,5,4,5,4,6,3,6,8,5,7,4,1,4,5,6,5,1,4,5,6,2,20,5,,4,4,1,1,Baptist,,2,4,3,5,4,4,2,2,5,1,Cont,Purity
11/28/2016 14:19,11/28/2016 15:00,2:30-3:30,1,6,3,,8,5,5,4,6,2,6,5,4,3,3,2,1,1,5,4,2,5,3,4,5,6,5,5,2,2,5,5,4,2,4,5,2,3,1,3,4,2,7,4,6,6,1,1,9,3,6,7,2,6,9,7,7,4,8,4,6,9,8,5,6,7,5,6,6,7,2,2,1,5,1,3,8,2,8,6,7,8,1,6,2,2,1,18,5,,3,5,1,1,Baptist,,2,5,5,3,5,6,2,3,4,1,Cont,Purity
11/29/2016 9:24,11/29/2016 10:15,9:30-10:30,2,5,1,,8,4,6,3,5,3,6,5,5,4,5,3,4,4,6,4,4,4,3,6,6,5,2,4,4,3,5,3,4,4,4,5,2,2,1,2,3,1,5,5,6,9,4,3,8,4,5,6,3,8,7,8,5,4,6,3,7,8,7,7,4,7,6,5,7,5,6,5,5,6,7,6,5,5,5,5,4,5,3,4,5,6,2,18,5,,2,6,1,1,Non denominational,,2,3,4,6,4,4,1,1,6,3,Cont,Purity
11/29/2016 12:05,11/29/2016 13:23,12:30-1:30,2,2,2,,8,3,7,4,4,5,5,5,5,2,6,5,4,5,5,5,5,4,2,5,6,3,4,4,4,4,5,5,1,6,6,4,1,1,1,3,2,3,5,6,9,3,2,7,6,6,1,4,4,1,6,4,4,3,5,4,2,8,6,6,1,6,6,9,4,9,9,6,9,7,3,8,2,2,9,9,9,4,6,9,8,3,2,20,5,,2,6,1,1,,,5,6,6,9,7,7,6,7,2,1,Cont,Purity
11/29/2016 13:23,11/29/2016 14:12,1:30-2:30,2,2,2,,8,5,5,3,6,4,6,1,6,3,4,6,3,4,5,6,6,5,2,5,4,6,4,6,2,2,1,2,3,6,5,5,5,1,1,1,1,1,4,9,2,6,5,1,8,4,5,5,5,9,6,9,6,6,9,6,2,6,9,9,5,5,7,4,8,4,5,5,2,4,2,5,6,2,3,4,6,4,5,2,2,2,2,20,3,,3,2,1,9,,,2,2,2,3,4,4,4,4,4,1,Cont,Purity
11/30/2016 8:20,11/30/2016 9:07,8:30-9:30,2,7,1,,8,5,5,4,4,5,5,4,5,3,5,4,3,4,6,5,4,2,1,6,4,5,5,6,5,4,6,1,3,5,3,6,2,2,1,1,3,1,7,9,5,5,7,3,9,1,2,5,7,9,6,4,6,9,5,9,5,9,6,6,6,5,5,6,5,5,5,1,5,6,4,6,5,4,9,9,4,4,2,5,5,6,2,18,3,,3,5,1,2,,,3,4,3,6,2,2,2,2,6,1,Cont,Purity
11/30/2016 14:14,11/30/2016 14:59,2:30-3:30,2,7,1,,8,5,5,5,5,2,6,4,5,4,5,4,2,4,5,5,4,3,2,5,6,6,3,5,4,4,5,3,2,6,3,5,4,2,1,1,2,1,7,7,5,6,5,3,8,6,5,7,5,6,8,4,5,5,6,8,4,6,6,7,5,5,4,7,7,6,5,4,7,5,4,6,4,4,6,6,5,4,4,6,6,6,2,18,5,,2,5,1,1,Baptist,,2,4,5,7,4,4,2,4,4,3,Cont,Care
12/1/2016 11:39,12/1/2016 12:32,12:00-1:00,2,4,3,,8,5,5,4,5,4,6,4,3,5,3,4,6,6,6,6,6,1,2,6,6,1,3,2,6,3,6,6,1,6,6,6,3,2,2,2,1,1,7,9,6,6,7,8,9,5,7,4,5,8,9,6,8,9,9,4,2,2,9,9,9,6,5,3,7,2,9,2,6,9,7,9,6,4,4,3,9,3,3,6,7,7,2,18,5,,1,7,1,2,,,3,2,2,7,6,6,6,6,2,3,Cont,Care
12/1/2016 12:33,12/1/2016 13:41,1:00-2:00,2,4,3,,8,5,5,3,3,6,6,6,6,4,6,3,6,3,6,6,4,3,1,3,6,4,3,6,3,2,2,3,1,4,4,5,2,1,1,2,1,1,4,6,4,7,6,5,5,4,5,5,4,6,9,9,8,1,8,5,4,9,9,9,4,5,6,9,6,4,4,6,7,6,6,4,5,6,6,8,5,4,6,6,6,5,2,18,6,I am both White AND Hispanic,3,4,1,1,Non-Denominational,,4,4,4,9,3,5,3,4,4,1,Cont,Care
12/1/2016 13:42,12/1/2016 14:54,2:00-3:00,2,4,4,,8,5,5,5,3,6,3,3,5,3,5,3,1,3,6,6,6,4,4,2,4,4,4,6,4,2,4,1,5,4,4,5,4,3,1,2,3,1,7,2,8,5,8,7,2,7,3,5,9,4,9,2,5,8,5,7,5,9,1,5,3,5,8,5,4,5,7,3,7,9,5,8,4,2,8,7,5,5,4,7,7,8,2,19,1,,2,5,1,1,Baptist,,4,6,5,7,1,1,1,1,7,3,Cont,Purity
12/2/2016 8:17,12/2/2016 9:21,8:30-9:30,2,7,3,,8,1,9,5,5,4,6,5,5,4,6,4,1,4,6,6,6,6,5,6,6,4,2,6,3,2,3,2,2,6,2,6,1,4,2,1,5,1,9,1,9,1,8,4,5,9,1,1,9,1,1,1,1,1,1,9,8,8,1,5,1,4,1,6,1,6,3,6,6,5,5,9,3,1,9,6,5,1,1,8,9,5,2,18,1,,4,4,1,1,Nondenominational,,4,3,4,8,2,2,2,2,6,1,Cont,Purity
12/2/2016 13:22,12/2/2016 13:57,1:30-2:30,2,7,1,,8,6,4,6,6,4,6,6,5,3,5,4,3,5,4,4,3,3,5,4,6,5,5,4,5,5,2,4,2,6,6,5,5,2,1,3,2,2,7,1,9,1,8,9,9,9,1,4,9,1,5,5,8,6,7,1,7,9,8,9,5,4,1,9,1,9,4,2,9,5,5,9,1,4,8,6,9,1,1,9,6,3,2,19,5,,2,6,1,1,Presbyterian,,2,6,5,9,6,6,7,7,2,3,Cont,Purity
12/2/2016 13:38,12/2/2016 15:31,3:00-4:00,2,3,4,,8,1,9,4,3,3,5,4,5,5,4,3,3,4,4,5,3,4,4,6,5,4,2,6,4,3,6,3,4,5,4,5,2,4,4,1,2,1,6,1,8,2,9,5,1,9,1,1,9,6,7,2,4,2,3,5,7,6,1,4,1,5,4,8,2,9,6,2,9,7,3,9,1,5,9,9,6,1,6,8,9,6,2,18,1,,2,7,1,1,Non-Denominational ,,5,4,6,8,4,4,5,6,4,1,Cont,Care
2/18/2016 10:39,2/18/2016 11:25,11:00-12:00,2,5,1,8,,5,5,2,3,1,5,4,5,4,6,2,2,6,3,5,6,2,3,5,4,4,6,3,6,4,5,5,3,6,4,4,2,3,2,2,4,5,5,6,5,6,4,4,6,4,4,5,5,9,4,7,7,6,7,9,3,6,1,9,5,7,5,4,4,4,6,4,4,8,4,8,5,4,4,4,1,6,5,4,6,7,2,18,5,,2,5,1,1,Baptist,,1,2,2,6,5,6,6,6,2,1,Inst,Purity
2/18/2016 14:52,2/18/2016 15:39,3:00-4:00,1,6,1,8,,0,10,4,6,5,6,6,6,2,5,5,4,3,5,4,5,1,4,1,6,6,2,5,5,4,5,4,2,6,4,6,6,5,5,1,5,1,4,8,2,9,6,2,6,2,6,6,4,9,2,1,8,6,6,9,2,6,1,1,6,5,9,2,9,2,6,7,2,2,2,9,9,6,5,5,6,6,6,1,3,6,1,20,2,,2,7,3,4,,,2,3,3,5,6,6,5,6,2,1,Inst,Care
2/19/2016 12:54,2/19/2016 13:33,1:00-2:00,1,6,3,8,,5,5,5,6,2,5,6,5,6,6,6,2,5,6,6,5,6,4,2,4,6,2,6,6,2,6,5,1,6,6,5,3,2,1,3,4,2,6,8,7,6,4,1,9,3,1,1,2,9,9,5,8,9,3,5,9,9,1,2,1,7,4,8,6,9,3,2,9,6,4,9,4,2,8,1,6,6,2,9,4,5,1,19,3,,2,7,1,2,,,4,5,5,7,2,2,2,2,6,1,Inst,Purity
2/19/2016 14:40,2/19/2016 15:23,3:00-4:00,1,6,5,8,,5,5,5,6,4,6,5,6,3,5,4,2,2,6,4,6,5,6,2,6,6,3,6,5,2,4,3,3,5,6,5,3,1,1,1,3,2,6,2,4,8,2,2,4,2,3,4,7,7,6,7,5,3,4,9,4,7,6,6,3,6,6,6,7,9,9,6,7,9,4,7,4,2,6,6,8,6,3,8,7,9,1,19,2,,5,2,1,2,,,2,4,5,7,3,3,5,6,4,3,Inst,Purity
2/19/2016 15:39,2/19/2016 16:31,3:45-4:45,2,3,3,8,,5,5,1,2,1,2,3,2,2,3,3,1,2,2,1,2,4,1,6,4,5,6,4,6,6,6,4,3,6,5,5,3,2,1,3,1,1,8,9,9,4,7,3,9,5,1,4,9,9,4,4,4,1,5,7,4,6,7,7,3,4,4,6,9,7,8,5,5,5,2,9,7,4,6,5,4,5,5,5,5,6,2,18,1,,3,5,1,1,Baptist,,1,2,4,5,4,4,4,4,4,3,Inst,Care
2/19/2016 17:35,2/19/2016 18:28,5:45-6:45,2,3,2,8,,5,5,6,6,6,6,6,4,6,3,6,3,6,4,6,5,2,5,6,6,2,6,1,6,5,6,6,6,6,6,1,3,4,1,1,5,1,2,1,9,1,9,9,1,9,1,1,9,1,9,1,8,9,4,8,6,9,1,9,1,5,1,9,1,1,1,8,9,9,4,9,1,1,9,9,6,6,9,9,9,2,2,19,5,,3,6,1,1,Baptist,,5,5,4,9,6,6,6,6,2,3,Inst,Purity
2/20/2016 13:01,2/20/2016 13:54,1:00-2:00,2,3,3,8,,6,4,2,3,4,5,5,5,4,5,4,3,5,5,5,5,4,2,5,4,3,3,6,3,2,3,3,4,6,5,3,5,3,2,2,1,1,5,6,3,6,6,1,6,2,6,6,5,9,7,7,6,8,6,8,6,5,6,7,8,5,6,6,4,6,4,5,5,6,6,6,5,1,5,4,6,5,5,6,6,5,2,19,2,,2,7,1,2,,,2,2,5,6,3,4,3,3,4,3,Inst,Care
2/23/2016 12:38,2/23/2016 13:32,1:00-2:00,2,5,1,8,,8,2,3,3,2,4,5,3,2,3,4,3,5,5,4,5,4,3,4,4,5,6,5,4,1,3,2,3,6,5,4,3,3,1,1,1,1,6,7,7,3,5,6,5,6,4,5,5,6,6,7,4,4,5,4,6,7,6,6,4,5,5,6,4,6,7,5,5,4,4,3,4,3,4,4,7,5,4,5,5,4,2,18,5,,3,6,1,1,Baptist,,2,6,5,7,4,3,6,6,3,3,Inst,Care
2/23/2016 13:38,2/23/2016 14:51,2:00-3:00,2,5,1,8,,4,6,6,6,4,5,4,5,5,6,6,4,5,5,5,2,6,5,5,6,4,5,6,6,5,6,5,4,6,5,4,2,2,1,1,2,1,8,3,6,3,8,7,1,6,1,1,9,2,2,1,7,1,3,9,4,7,6,5,1,4,2,9,1,8,3,4,7,5,1,9,1,1,9,7,6,1,7,9,8,5,2,18,5,,3,5,1,1,Southern Baptist,,3,5,5,8,6,6,6,6,2,3,Inst,Purity
2/25/2016 10:49,2/25/2016 11:28,11:00-12:00,2,5,1,8,,5,5,3,4,3,4,4,4,3,4,3,4,4,4,4,3,5,4,6,4,5,2,3,5,4,4,4,3,5,4,4,4,3,3,2,2,1,6,4,7,5,6,6,4,4,4,4,6,6,6,4,6,4,5,6,4,5,4,5,4,4,4,6,5,6,6,5,5,6,4,6,5,4,6,6,5,4,4,5,6,6,2,18,5,,2,6,1,1,Non-Denominational ,,3,4,5,5,5,5,4,5,3,1,Inst,Care
2/25/2016 13:31,2/25/2016 14:37,2:00-3:00,2,5,2,8,,5,5,5,4,2,6,6,6,5,6,5,4,4,6,6,5,5,5,6,6,6,5,6,2,1,5,5,3,4,6,5,5,4,1,1,4,1,5,5,6,2,7,4,2,4,1,1,2,9,5,5,5,3,2,9,5,7,3,7,1,3,1,9,3,2,5,1,7,3,3,9,1,1,9,7,5,1,1,8,5,5,2,22,6,"multiracial: indian, white, caribbean islander, chinese",1,7,1,2,,,2,6,3,8,6,4,2,6,3,3,Inst,Purity
2/25/2016 14:46,2/25/2016 15:34,3:00-4:00,1,6,2,8,,5,5,2,4,2,5,4,6,5,5,4,3,6,5,5,4,6,4,2,4,5,4,5,6,5,4,4,5,6,3,5,6,4,1,3,1,2,3,9,2,9,6,4,9,1,9,7,4,8,9,9,7,8,7,4,6,7,8,7,4,4,9,6,9,4,6,4,3,5,6,4,3,4,2,4,3,6,5,2,1,3,1,18,5,,3,4,2,8,,,1,1,1,6,2,5,2,2,4,1,Inst,Care
2/26/2016 14:58,2/26/2016 15:49,3:00-4:00,1,6,3,8,,5,5,1,5,2,5,4,5,3,4,1,2,2,6,5,3,2,1,2,3,1,2,6,5,3,2,3,3,2,1,5,1,3,1,1,1,1,1,7,1,9,1,1,7,1,9,9,1,9,1,1,1,1,1,9,1,1,1,1,1,1,1,1,9,1,1,5,1,1,1,1,1,1,1,1,1,9,1,1,1,1,1,19,1,,2,6,3,9,,,,1,1,1,3,2,2,1,6,3,Inst,Care
2/26/2016 16:30,2/26/2016 17:20,4:45-5:45,2,3,2,8,,5,5,4,5,5,6,5,6,6,6,4,4,5,6,6,6,5,2,6,6,6,4,5,5,4,5,4,6,6,3,3,2,2,2,2,3,4,5,7,5,7,6,6,8,7,6,7,4,9,7,7,7,3,8,8,7,9,5,7,1,8,6,7,5,5,7,6,6,7,4,7,6,3,7,7,5,4,6,5,6,7,2,19,5,,1,6,1,1,Presbyterian ,,4,5,4,6,3,3,3,6,3,1,Inst,Care
3/1/2016 12:32,3/1/2016 14:52,1:00-2:00,2,4,1,8,,6,4,6,6,5,6,6,5,6,1,6,6,5,6,6,3,6,6,5,6,6,6,4,5,5,6,6,3,6,6,5,3,2,2,3,3,3,8,1,2,1,9,9,2,9,1,1,9,8,9,8,8,1,9,9,9,8,1,1,1,8,1,9,4,9,6,9,9,7,6,8,1,1,9,9,8,1,6,9,9,6,2,18,5,,3,2,1,1,Baptist ,,5,6,5,9,7,7,7,7,1,1,Inst,Purity
3/1/2016 14:38,3/1/2016 15:23,3:00-4:00,1,6,1,8,,0,10,1,6,1,6,6,6,1,6,1,1,1,6,6,6,1,3,1,6,6,5,6,1,6,1,1,6,1,1,6,6,1,1,5,1,5,1,9,1,9,1,1,9,1,9,9,1,9,9,1,1,9,1,9,1,1,9,1,1,1,9,1,1,1,1,1,1,9,1,1,9,1,1,1,1,9,1,1,1,9,1,20,5,,3,1,2,10,,Didactist,5,5,1,6,1,7,1,1,7,1,Inst,Care
3/2/2016 14:25,3/2/2016 15:29,3:00-4:00,1,6,3,8,,5,5,5,5,2,3,5,5,3,5,1,2,2,5,5,4,4,1,1,5,1,5,6,4,4,4,5,2,6,6,5,1,1,1,2,2,1,7,2,9,1,6,7,7,6,1,1,6,3,6,6,5,4,7,9,5,4,4,4,5,4,8,5,4,6,1,4,6,7,4,5,4,3,9,6,4,3,7,6,7,2,1,18,2,,3,7,1,1,Non-denominational,,2,4,5,6,4,6,7,6,2,3,Inst,Purity
3/15/2016 12:37,3/15/2016 13:41,1:00-2:00,2,4,1,8,,5,5,6,6,2,5,5,5,5,6,5,5,6,5,5,4,6,4,5,5,6,4,6,5,2,3,4,3,6,6,6,2,2,1,2,3,2,8,8,9,7,6,9,2,7,1,3,9,5,9,7,4,1,1,7,7,8,4,6,1,4,2,6,4,5,8,4,6,6,3,7,4,3,2,7,4,4,3,8,8,8,2,18,5,,2,7,1,1,baptist,,3,3,4,7,7,6,7,6,2,3,Inst,Purity
3/15/2016 14:31,3/15/2016 15:20,3:00-4:00,1,6,4,5,,6,4,5,6,5,6,5,5,4,6,6,6,5,5,6,5,4,3,3,6,6,5,6,5,4,5,4,3,6,5,5,5,4,2,3,4,1,9,1,7,4,5,3,1,7,1,3,9,1,2,2,2,2,1,9,7,6,6,4,1,7,4,6,5,9,6,1,8,9,9,9,2,1,7,8,8,1,1,9,9,7,1,19,5,,2,6,1,1,Baptist ,,5,6,6,8,6,6,6,6,2,1,Inst,Care
3/17/2016 12:03,3/17/2016 12:54,12:30-1:30,2,2,3,8,,4,6,5,4,4,5,6,5,3,6,5,3,5,5,4,5,4,4,6,5,3,4,5,5,4,5,5,3,6,5,5,2,4,4,2,5,1,8,1,8,2,9,7,2,7,3,4,6,2,9,8,8,6,8,8,6,7,6,8,7,4,6,6,4,8,6,4,5,7,8,6,3,7,6,6,4,4,6,7,8,3,2,18,5,,3,5,1,1,Baptist ,,2,3,6,6,5,6,5,6,3,1,Inst,Care
3/18/2016 12:10,3/18/2016 12:46,12:30-1:30,1,6,4,8,,2,8,4,4,4,6,4,6,6,4,6,2,4,6,6,6,5,3,2,6,1,3,4,5,6,3,5,5,3,5,4,3,3,3,2,2,1,5,7,7,6,3,8,9,4,1,5,7,7,6,6,5,6,8,4,4,4,4,9,7,5,9,5,6,9,9,4,5,6,4,9,7,1,6,4,5,7,7,6,5,3,1,18,2,,3,6,1,2,,,2,3,4,7,4,4,4,4,4,3,Inst,Care
3/18/2016 16:14,3/18/2016 17:07,4:45-5:45,2,3,1,8,,5,5,1,3,2,4,4,5,5,5,5,4,4,5,6,4,3,4,3,5,6,2,6,5,3,3,4,4,5,3,5,3,4,2,2,2,1,5,3,3,8,6,3,8,4,5,8,5,7,6,5,6,4,6,7,4,7,4,5,4,4,7,6,7,5,6,4,4,6,4,7,6,6,6,6,5,4,4,4,7,7,2,18,2,,2,3,1,4,,,3,2,3,6,2,3,1,2,6,3,Inst,Care
3/18/2016 17:18,3/18/2016 18:30,5:45-6:45,2,3,1,8,,5,5,6,5,3,5,6,5,2,5,5,2,5,4,5,5,4,4,6,6,5,3,5,6,4,6,5,2,6,6,5,1,5,1,2,5,3,9,1,9,1,9,4,6,9,1,1,9,1,9,1,4,2,1,9,4,2,1,4,1,1,1,9,1,8,4,4,9,4,1,7,1,1,9,6,9,2,4,9,6,4,2,19,5,,1,7,1,1,Baptist,,5,6,5,9,6,6,6,6,2,1,Inst,Purity
3/21/2016 14:03,3/21/2016 16:10,2:30-3:30,2,5,1,6,,4,6,5,5,5,5,5,5,5,5,5,5,5,5,5,5,6,4,4,4,4,4,4,4,4,4,4,4,6,5,5,1,4,1,1,2,2,6,6,6,6,6,6,6,6,6,6,6,6,5,5,5,6,5,5,5,5,5,5,5,5,6,6,6,6,6,6,6,6,6,6,5,5,5,5,5,5,5,5,5,6,2,20,1,,3,1,1,1,baptist,,2,6,3,9,5,5,5,5,2,1,Inst,Purity
3/21/2016 16:10,3/21/2016 16:52,4:15-5:15,2,5,1,8,,6,4,5,5,5,5,5,5,5,5,5,5,5,5,5,5,4,3,6,6,4,4,5,4,3,5,4,3,6,5,5,1,3,1,4,1,5,7,1,7,1,3,7,3,9,1,1,7,1,4,9,7,4,9,9,5,9,4,2,2,7,6,7,3,3,1,4,9,4,2,9,1,1,9,9,7,1,4,9,9,5,2,20,2,,2,5,1,1,Baptist and Pentecostal; Multi-Denominational ,,3,6,6,9,3,5,4,7,3,1,Inst,Care
3/22/2016 10:55,3/22/2016 11:27,11:00-12:00,2,5,1,8,,5,5,5,5,4,5,4,5,5,3,5,2,4,5,5,3,2,2,6,3,2,2,3,3,3,2,2,1,5,4,2,4,1,1,1,2,1,3,3,5,2,5,2,1,7,4,4,6,2,6,4,6,6,5,7,4,6,6,6,4,6,4,6,3,6,4,4,6,5,4,6,4,4,5,6,5,4,5,6,6,4,2,20,5,,2,7,1,1,Baptist,,4,4,5,7,4,6,3,5,3,3,Inst,Purity
3/22/2016 13:35,3/22/2016 14:30,2:00-3:00,2,4,1,8,,5,5,4,5,2,6,6,4,3,6,3,5,6,5,5,5,3,2,4,6,5,6,6,6,4,6,6,2,6,4,5,4,4,4,3,2,1,5,6,4,6,6,3,7,4,5,2,8,9,6,4,5,2,9,4,4,9,6,9,1,5,4,9,4,4,4,4,8,9,7,5,2,2,5,4,9,4,1,9,7,5,2,19,5,,2,7,1,1,Non-denominational Christian,,3,6,5,7,7,4,4,7,3,3,Inst,Care
3/22/2016 14:38,3/22/2016 15:28,3:00-4:00,1,6,3,8,,5,5,5,4,4,5,5,5,5,5,5,3,4,5,4,4,5,5,5,4,4,4,5,3,4,4,4,2,4,3,4,4,3,2,3,3,2,5,4,5,6,5,3,5,5,4,5,4,7,6,4,5,2,5,7,5,5,4,5,3,5,6,6,6,7,6,4,5,6,4,5,4,4,5,5,5,4,4,4,4,5,1,19,6,biracial: Asian and African,3,6,1,2,,,2,5,5,7,4,6,3,5,3,1,Inst,Care
3/24/2016 11:25,3/24/2016 13:08,12:30-1:30,2,2,2,8,,6,4,6,6,5,6,6,5,6,6,5,6,6,5,6,5,6,5,6,6,6,4,5,5,4,6,5,5,6,6,5,2,4,5,2,4,2,8,8,9,1,4,3,3,7,4,1,8,2,2,1,1,2,2,8,8,8,2,4,1,6,2,8,4,9,6,2,9,7,6,6,2,1,8,9,8,1,2,8,7,7,2,19,5,,2,7,1,1,,Christian,,6,6,9,6,6,6,6,2,3,Inst,Care
3/29/2016 13:40,3/29/2016 14:27,2:00-3:00,2,4,1,8,,4,6,5,3,4,4,4,5,4,3,5,2,6,3,5,4,4,5,5,5,5,2,4,6,5,5,4,4,6,6,4,4,1,1,2,1,2,9,5,6,4,5,8,2,2,1,1,6,4,5,7,6,3,7,9,6,7,2,5,2,5,5,7,4,9,7,4,9,5,3,9,1,5,9,9,5,3,6,7,7,5,2,18,5,,2,7,1,1,Episcopalian,,4,5,5,8,7,6,6,7,2,3,Inst,Care
3/30/2016 14:24,3/30/2016 14:57,2:30-3:30,1,6,1,8,,3,7,3,1,3,1,1,1,5,1,2,1,1,1,1,2,5,4,4,3,4,3,6,4,5,5,5,5,4,4,4,3,3,1,1,4,1,9,1,7,1,5,7,4,8,1,5,4,1,5,1,9,4,5,8,6,4,6,3,5,7,4,8,4,8,4,4,8,6,6,6,2,3,8,9,8,6,6,8,9,5,1,19,2,,4,2,1,1,Baptist,,4,6,6,9,6,6,6,3,3,3,Inst,Purity
3/31/2016 10:56,3/31/2016 12:09,11:30-12:30,2,2,1,8,,6,4,5,5,3,5,5,5,6,6,4,5,6,5,5,4,6,5,6,6,5,5,6,5,6,6,5,1,6,5,5,5,4,4,3,2,1,8,1,9,2,8,9,2,8,1,1,8,5,9,8,8,4,6,2,8,5,7,7,3,7,1,6,4,9,8,8,7,9,3,8,1,2,8,8,4,3,3,7,7,8,2,18,5,,1,7,1,1,Baptist,,5,6,5,9,4,6,5,6,2,1,Inst,Care
3/31/2016 11:39,3/31/2016 12:22,12:00-1:00,2,5,2,8,,3,7,6,5,4,5,6,4,4,5,5,5,5,5,5,5,4,4,5,4,3,4,5,5,5,5,3,4,6,4,5,2,2,1,1,3,1,9,3,9,1,9,9,1,8,1,1,9,1,6,3,5,6,7,9,3,6,3,1,7,3,4,9,1,6,5,5,9,7,5,8,1,1,6,6,6,1,5,7,7,7,2,18,5,,3,6,1,1,Non-Denominational,,,6,5,8,4,4,5,5,4,3,Inst,Purity
3/31/2016 13:42,3/31/2016 14:28,2:00-3:00,2,5,1,8,,5,5,5,6,4,5,4,5,5,5,4,3,4,5,5,5,4,3,6,5,2,4,4,4,1,6,5,1,6,5,5,1,4,4,1,4,1,7,6,9,5,5,5,6,9,1,1,1,2,6,4,5,4,4,9,6,6,4,4,1,4,5,6,4,4,4,4,6,5,6,4,4,4,8,4,4,6,4,5,5,6,2,20,5,,2,7,1,1,Church of Christ,,4,6,4,7,6,6,3,4,2,1,Inst,Care
4/1/2016 15:25,4/1/2016 16:30,3:45-4:45,2,3,4,8,,6,4,6,5,3,6,5,6,3,6,4,3,5,5,6,4,4,5,5,6,4,4,4,2,3,5,5,4,6,5,5,2,5,1,3,5,1,9,1,9,1,6,9,5,9,1,1,9,1,6,1,2,1,2,9,4,6,1,1,1,2,1,9,1,9,4,5,9,3,4,9,1,1,8,9,8,1,5,9,9,2,2,19,5,,2,7,1,1,Baptist,,4,6,5,9,6,6,7,6,2,3,Inst,Purity
4/2/2016 12:50,4/2/2016 13:47,1:00-2:00,2,3,1,8,,5,5,3,5,3,5,3,4,5,6,5,4,4,6,6,5,4,2,6,5,2,1,4,5,4,4,4,3,6,4,5,4,2,1,3,2,3,8,4,2,4,6,3,6,4,3,2,5,7,3,1,3,2,6,8,3,7,3,2,1,6,6,7,5,6,6,2,4,8,6,5,6,4,7,7,8,4,6,4,7,8,2,18,2,,2,7,1,1,,Christian,3,4,5,7,5,4,4,6,3,1,Inst,Care
4/5/2016 14:38,4/5/2016 15:26,3:00-4:00,1,6,3,8,,7,3,3,4,4,5,5,5,4,5,3,4,3,4,4,4,4,3,3,5,2,4,5,4,3,5,4,3,4,4,4,5,3,1,3,1,1,5,7,4,9,4,2,6,1,5,4,2,6,6,9,9,3,8,8,8,8,9,9,2,6,5,6,8,4,2,2,2,1,6,4,6,5,1,6,2,4,5,2,1,2,1,19,2,,3,6,1,9,,,2,3,5,3,4,1,2,5,5,3,Inst,Care
4/6/2016 13:22,4/6/2016 14:10,1:30-2:30,1,6,4,8,,6,4,4,5,5,6,5,5,5,6,6,3,4,6,5,6,1,5,2,6,4,4,5,6,4,6,4,1,6,4,4,4,2,1,2,3,1,3,8,5,6,4,6,7,5,5,7,7,9,7,9,9,9,9,5,7,6,5,3,8,9,8,4,9,2,7,5,1,4,2,6,7,5,2,1,3,4,2,6,3,4,1,18,3,,3,5,3,2,,,1,2,2,4,3,2,2,3,5,3,Inst,Purity
4/7/2016 11:02,4/7/2016 11:59,11:30-12:30,2,2,2,8,,5,5,4,4,3,5,5,5,4,4,3,3,4,5,5,5,4,4,4,4,5,4,4,5,3,4,2,5,4,3,4,3,2,1,1,1,1,5,5,6,3,6,6,6,4,4,4,6,4,6,6,6,6,6,4,4,7,7,7,7,4,5,6,5,5,6,6,6,9,8,9,8,3,6,6,4,6,5,6,6,6,2,18,5,,2,6,1,2,,,2,5,5,6,6,6,2,6,3,3,Inst,Purity
4/7/2016 12:10,4/7/2016 13:06,12:30-1:30,2,2,1,8,,5,5,4,5,4,6,4,5,4,5,5,5,6,6,5,6,3,4,5,5,6,2,5,6,5,4,4,5,6,5,5,4,2,1,3,1,1,6,9,7,2,6,3,8,5,3,3,5,5,5,3,5,1,5,2,6,6,8,8,9,5,5,7,4,4,3,2,5,5,2,5,6,2,6,1,5,4,2,2,5,5,2,19,5,,3,4,1,1,Baptist,,1,4,4,6,6,6,5,4,2,3,Inst,Care
4/7/2016 13:48,4/7/2016 14:33,2:00-3:00,2,5,1,8,,5,5,4,5,6,5,4,4,4,6,4,6,6,4,3,2,4,6,4,5,4,4,3,4,3,5,6,1,6,3,5,3,2,2,1,2,2,4,5,6,4,8,6,6,4,3,4,4,6,6,4,6,4,8,7,3,7,4,6,4,7,5,5,3,6,6,4,4,5,6,4,5,4,7,6,6,4,5,4,7,6,2,18,5,,2,7,1,1,Bible Church,,,3,4,6,6,7,7,5,1,1,Inst,Care
4/8/2016 16:44,4/8/2016 18:15,5:45-6:45,2,3,1,8,,5,5,2,4,2,5,3,3,3,4,2,2,2,4,4,3,5,3,2,2,6,3,4,2,3,2,2,3,3,2,4,2,2,1,3,1,2,4,7,3,7,2,3,9,3,6,6,3,9,8,7,3,4,4,3,2,7,9,9,3,6,6,4,6,6,6,3,4,4,7,3,4,3,2,2,3,4,8,3,3,3,2,19,5,,2,6,1,1,Baptist,,2,3,5,5,3,6,4,3,4,1,Inst,Care
4/11/2016 12:27,4/11/2016 13:27,12:30-1:30,1,6,3,8,,5,5,1,1,4,4,3,2,2,2,1,1,3,4,3,4,1,2,1,4,1,2,3,1,1,2,4,1,5,2,2,4,1,1,1,1,3,5,2,2,6,4,4,6,3,5,4,4,6,6,5,3,5,4,4,4,4,6,6,4,5,6,4,6,4,5,4,3,6,5,5,5,5,4,4,1,5,4,2,3,6,1,19,5,,1,7,1,5,,,1,1,3,4,4,7,2,2,2,3,Inst,Care
4/11/2016 13:20,4/11/2016 15:04,2:30-3:30,1,6,5,8,,0,10,6,5,4,5,4,4,3,5,4,4,5,5,6,4,2,6,5,5,2,4,6,5,3,3,5,3,4,4,5,4,3,1,1,4,1,9,1,4,9,7,5,7,9,2,1,6,1,7,5,5,5,6,4,5,8,9,9,7,3,2,6,6,9,5,4,6,9,6,4,3,4,5,5,5,2,6,6,9,5,1,19,2,,4,5,1,1,Presbyterian,,4,4,6,7,2,3,3,7,5,3,Inst,Purity
4/11/2016 14:14,4/11/2016 15:10,2:30-3:30,2,5,1,8,,2,8,4,6,3,5,5,5,4,6,5,5,5,5,6,5,4,2,5,6,5,4,5,5,2,4,5,5,6,5,5,5,4,3,1,5,1,5,7,2,4,5,3,8,3,4,4,6,8,9,9,6,4,6,1,6,7,7,8,7,5,3,7,6,3,7,6,6,6,6,4,5,4,7,6,6,3,7,5,6,7,2,19,5,,2,5,1,1,Methodist,,3,3,4,7,4,4,4,4,4,3,Inst,Purity
4/13/2016 12:56,4/13/2016 13:57,1:30-2:30,1,6,4,8,,5,5,3,2,2,5,5,4,5,5,5,5,4,3,4,4,3,4,1,4,1,5,5,2,3,2,4,2,4,6,4,1,1,1,1,1,1,9,1,9,2,3,5,7,3,1,2,6,1,8,5,6,6,7,7,3,8,8,7,4,6,1,7,7,7,7,3,8,3,3,6,3,3,5,8,7,6,7,7,6,5,1,18,5,,1,7,1,1,Baptist ,,4,6,5,9,6,6,5,4,4,3,Inst,Purity
4/14/2016 7:59,4/14/2016 9:36,9:00-10:00,2,5,2,8,,9,1,3,3,2,4,3,3,2,4,3,2,4,4,4,3,4,5,5,5,5,6,5,4,3,4,4,3,6,5,4,4,3,2,1,2,1,6,6,6,4,6,5,5,6,4,4,6,4,6,4,4,4,4,4,6,5,4,6,4,4,4,6,4,6,4,5,6,5,5,6,4,4,6,6,5,4,6,6,6,4,2,18,5,,2,6,1,1,Presbyterian,,5,6,5,5,6,6,6,6,2,3,Inst,Care
4/14/2016 11:12,4/14/2016 12:04,11:30-12:30,2,2,2,8,,5,5,5,5,5,6,5,6,5,5,3,3,5,5,5,5,5,4,6,6,6,4,5,4,4,3,6,4,6,6,6,3,2,1,1,2,1,7,5,3,6,8,3,9,1,6,6,5,7,5,4,6,2,5,9,6,6,1,6,1,5,4,6,6,9,6,9,8,9,4,7,1,6,5,5,4,1,3,9,7,9,2,19,2,,3,7,1,6,,,4,4,6,8,5,5,4,3,4,3,Inst,Purity
4/14/2016 12:31,4/14/2016 13:26,1:00-2:00,2,5,1,8,,5,5,3,4,3,3,4,4,4,4,4,3,2,3,4,5,3,2,4,4,2,1,4,3,2,3,5,2,4,6,4,2,1,1,2,1,1,3,4,2,7,5,1,6,4,6,6,4,6,5,7,6,4,6,5,4,7,5,6,4,5,5,4,6,4,4,4,4,4,4,4,5,4,6,5,6,4,5,5,4,4,2,18,2,,3,5,3,9,,,1,3,2,5,4,4,2,4,4,3,Inst,Purity
4/15/2016 12:09,4/15/2016 13:09,12:30-1:30,1,6,1,8,,5,5,2,5,4,5,5,4,3,4,4,4,4,4,4,5,5,2,5,2,5,5,5,5,4,4,6,2,2,3,5,2,3,2,3,2,3,5,4,4,7,5,4,6,3,7,6,5,3,4,6,6,5,7,4,4,4,4,6,4,4,4,6,4,5,6,7,4,4,4,6,4,4,4,4,3,4,7,4,4,7,1,20,2,,4,2,2,7,,,3,4,5,3,4,3,4,3,4,1,Inst,Purity
4/15/2016 15:31,4/15/2016 17:27,4:45-5:45,2,3,3,8,,5,5,2,3,2,4,2,2,3,3,2,1,2,4,2,3,3,4,3,2,2,4,5,4,2,5,4,3,4,2,4,3,3,4,2,2,1,2,2,1,6,6,2,7,2,8,9,5,5,3,4,2,2,3,9,2,2,1,1,4,3,7,2,9,3,3,5,2,2,1,2,6,3,1,1,5,3,2,2,1,4,2,18,5,,2,7,2,2,,,1,1,2,2,3,2,1,5,5,1,Inst,Care
4/15/2016 17:41,4/15/2016 18:17,5:45-6:45,2,3,1,8,,5,5,5,4,2,3,5,3,2,5,4,2,4,6,4,3,3,4,6,6,5,5,3,5,4,6,5,1,6,5,6,2,2,1,3,2,1,6,7,9,1,9,1,9,5,1,5,8,1,4,1,3,4,5,8,3,7,7,8,1,6,3,7,1,8,1,1,9,2,1,4,1,1,8,9,8,1,6,7,6,1,2,19,5,,1,7,1,1,,Christian a follower of Jesus not divided by a specific religion,4,5,5,9,5,6,3,6,3,3,Inst,Purity
4/18/2016 12:16,4/18/2016 13:08,12:30-1:30,1,6,1,8,,5,5,5,5,4,6,5,6,5,6,6,5,6,6,6,6,5,4,6,5,5,4,6,5,5,5,2,3,5,5,6,4,3,2,3,1,1,8,2,8,5,8,6,4,8,2,3,2,1,2,3,6,2,6,8,4,7,3,5,2,5,3,6,3,6,7,6,7,7,4,8,3,6,7,8,5,4,2,8,8,9,1,18,1,,3,5,1,1,Non-Denominational,,5,5,5,7,5,2,3,2,4,3,Inst,Care
4/19/2016 12:44,4/19/2016 13:19,1:00-2:00,2,5,3,8,,5,5,3,3,2,3,2,3,2,3,2,2,2,3,2,3,4,3,3,3,3,2,4,3,2,4,4,4,4,4,3,4,1,1,1,2,1,4,4,4,6,3,2,6,4,5,5,4,6,4,9,5,5,6,5,6,6,5,6,5,5,5,5,5,3,5,4,4,4,5,5,6,4,6,6,5,5,5,4,4,5,2,19,5,,3,5,3,2,,,1,3,3,5,4,2,2,2,5,3,Inst,Care
4/19/2016 13:26,4/19/2016 14:28,2:00-3:00,2,5,3,8,,5,5,5,4,4,4,3,3,1,2,4,3,4,2,2,3,3,4,1,3,4,6,4,3,3,4,6,1,6,4,4,5,2,1,1,3,1,6,1,5,1,7,7,6,9,1,1,7,1,5,5,5,2,8,9,3,4,4,6,1,4,1,7,1,6,6,4,8,6,5,6,1,3,9,9,6,4,6,9,9,4,2,22,5,,1,7,1,1,Baptist,,1,6,4,9,7,7,7,7,1,3,Inst,Purity
4/19/2016 14:45,4/19/2016 15:28,3:00-4:00,1,6,2,8,,5,5,1,5,2,3,3,4,2,5,2,1,3,5,4,4,3,2,1,4,6,1,4,2,1,2,1,6,4,1,4,5,1,1,4,1,5,1,9,1,9,1,1,9,1,9,9,1,9,1,1,1,6,1,9,1,1,9,1,1,1,9,9,9,1,1,1,1,1,1,1,1,1,1,1,1,1,1,9,1,1,1,21,5,,4,3,2,8,,,1,1,1,1,1,1,1,1,7,3,Inst,Care
4/20/2016 12:16,4/20/2016 12:55,12:30-1:30,1,6,3,8,,5,5,3,5,4,5,4,6,4,5,5,5,4,6,5,5,4,4,3,4,5,4,4,6,6,6,5,1,6,,5,3,3,1,1,2,1,6,6,8,9,5,4,8,3,4,4,6,9,6,6,6,7,7,5,6,6,6,7,4,6,4,5,7,2,6,1,4,7,2,1,5,1,5,6,5,6,1,4,4,5,1,19,5,,,,1,,,,2,3,1,5,,,,,,3,Inst,Purity
4/21/2016 11:32,4/21/2016 12:12,12:00-1:00,2,5,3,8,,5,5,1,6,4,4,5,6,4,2,5,6,2,4,2,2,3,4,2,5,6,3,3,5,3,2,4,3,5,2,5,3,5,3,1,2,1,1,9,1,9,1,1,6,1,7,9,2,9,5,1,5,1,1,8,1,1,9,1,1,1,1,1,9,1,1,1,1,1,1,1,1,1,1,1,1,1,1,1,1,1,2,20,5,,2,6,2,7,,,1,1,1,1,5,5,3,2,3,3,Inst,Care
4/21/2016 12:48,4/21/2016 13:43,1:00-2:00,2,5,1,8,,6,4,5,4,4,4,4,5,4,5,6,2,3,5,5,5,6,5,6,6,5,4,5,4,4,3,5,2,6,5,5,5,3,3,2,2,2,8,2,7,3,6,6,2,5,2,1,8,6,4,2,2,3,4,7,4,4,4,5,6,4,1,8,2,9,8,7,7,6,3,8,2,4,7,6,7,3,6,7,8,5,2,20,5,,3,6,1,1,baptist,,4,5,5,7,4,5,5,6,3,1,Inst,Care
4/21/2016 13:27,4/21/2016 14:01,1:30-2:30,1,6,3,8,,5,5,4,5,2,4,4,3,4,4,4,4,4,5,5,4,4,5,3,4,5,4,5,4,4,3,4,2,5,3,5,2,2,1,1,3,1,9,7,9,5,6,7,7,7,2,2,8,9,8,5,4,8,8,9,8,8,9,6,9,5,2,5,2,2,2,7,7,6,6,5,4,2,9,6,5,6,6,5,8,4,1,19,5,,1,7,1,1,Baptist,,2,3,3,7,6,2,1,6,5,1,Inst,Purity
4/22/2016 16:40,4/22/2016 17:23,4:45-5:45,2,3,1,8,,5,5,3,5,2,5,5,5,5,5,3,4,5,5,5,5,5,3,5,6,5,6,6,5,5,5,5,4,5,5,5,5,2,1,2,1,3,4,7,5,8,6,6,7,4,6,7,5,5,5,6,6,6,6,6,4,6,4,6,5,6,6,5,8,5,6,6,4,4,6,5,5,5,4,4,5,6,5,5,5,5,2,19,2,,3,6,1,4,,,2,3,4,5,2,2,2,2,6,1,Inst,Care
4/25/2016 12:22,4/25/2016 13:04,12:30-1:30,1,6,3,8,,2,8,3,5,4,5,5,3,3,4,3,3,4,3,3,4,2,1,2,5,4,3,4,4,2,4,2,3,3,2,5,6,4,3,2,1,2,2,5,2,4,1,1,8,6,8,7,6,6,6,6,5,7,2,2,3,7,6,6,4,6,6,6,3,1,7,6,1,4,5,1,5,2,1,7,8,7,5,3,7,6,1,20,3,,3,6,3,7,,,1,1,1,8,6,3,3,4,4,1,Inst,Care
4/26/2016 10:53,4/26/2016 11:29,11:00-12:00,2,5,1,8,,5,5,3,6,4,4,4,6,5,4,6,4,5,6,6,5,3,4,5,6,4,3,5,6,5,4,4,3,6,4,5,2,4,1,1,2,1,4,6,4,6,5,3,8,4,6,5,4,5,5,4,5,5,5,6,4,5,5,5,4,5,8,5,6,5,5,4,4,4,6,5,5,5,6,4,5,5,5,5,5,5,2,18,2,,2,7,3,3,,,1,2,2,2,5,5,4,4,4,3,Inst,Purity
4/26/2016 14:27,4/26/2016 15:39,3:00-4:00,1,6,3,8,,5,5,5,2,2,4,5,5,2,4,5,2,4,2,2,4,4,3,6,5,1,5,5,5,4,5,6,1,6,5,6,1,3,1,1,2,1,8,2,9,1,7,9,6,9,1,2,8,2,7,4,4,3,3,9,5,6,4,5,4,5,1,8,1,9,9,9,8,1,4,8,2,2,8,8,5,1,1,9,8,3,1,19,5,,2,7,1,1,Baptist,,5,5,5,9,6,7,6,6,1,1,Inst,Purity
4/27/2016 12:20,4/27/2016 13:18,12:30-1:30,1,6,3,8,,7,3,5,4,2,5,6,4,1,5,4,5,3,6,5,2,1,3,5,5,5,2,4,5,5,4,4,5,5,4,5,2,2,2,4,1,3,6,6,8,5,8,5,6,6,2,5,6,6,6,7,6,4,6,9,2,6,4,4,3,6,4,5,4,4,4,5,6,6,4,3,4,5,3,6,4,3,3,6,7,4,1,19,2,,2,6,1,1,Baptist,,3,4,4,5,5,3,3,5,5,1,Inst,Care
4/28/2016 10:50,4/28/2016 11:33,11:00-12:00,2,5,3,8,,5,5,6,6,5,6,6,5,3,5,6,5,5,5,5,2,3,3,5,4,2,6,2,5,5,6,5,2,6,4,5,5,4,2,1,3,1,9,1,4,1,4,6,1,8,1,1,9,1,6,4,3,6,4,9,5,7,1,6,6,4,1,8,1,9,4,4,9,6,1,9,1,1,9,9,9,1,4,9,9,6,2,19,5,,3,3,1,1,non-denominational (Bible),,5,6,5,9,7,7,7,7,1,3,Inst,Care
4/28/2016 13:12,4/28/2016 13:56,1:30-2:30,1,6,1,8,,5,5,3,2,2,2,3,5,6,6,6,4,5,5,6,5,4,4,4,4,5,4,5,4,4,4,4,4,6,4,4,2,3,4,3,3,3,6,5,5,4,5,5,5,5,7,6,5,5,3,6,5,5,6,5,5,5,5,5,5,5,5,8,7,5,7,5,5,5,5,5,5,5,5,5,4,4,4,4,4,4,1,20,2,,2,7,1,4,,,3,2,2,5,5,6,5,4,3,1,Inst,Care
9/12/2016 7:53,9/12/2016 8:37,8:00-9:00,2,5,1,8,,5,5,3,4,3,5,5,5,5,5,4,4,5,5,5,5,5,4,5,5,6,4,5,5,5,5,6,4,6,4,5,4,2,1,2,3,5,5,6,5,5,5,4,6,4,4,5,4,6,6,6,6,5,6,5,5,6,5,6,4,5,6,5,6,5,6,6,5,6,5,6,6,5,6,5,4,5,5,5,6,6,2,18,5,,3,5,1,2,,,2,3,2,7,5,5,4,4,3,1,Inst,Purity
9/12/2016 8:37,9/12/2016 9:23,9:00-10:00,2,5,1,8,,5,5,4,6,4,6,6,6,6,6,6,6,4,6,6,4,5,2,5,6,6,5,5,6,3,3,6,5,6,2,6,5,3,1,4,1,5,5,9,9,7,4,1,9,1,1,9,1,9,9,9,6,6,9,1,1,9,9,9,1,5,5,4,9,1,9,4,4,9,4,4,7,1,7,5,9,5,1,3,4,4,2,20,5,,3,5,1,2,,,2,4,2,5,7,7,1,1,4,1,Inst,Care
9/13/2016 12:18,9/13/2016 13:00,12:30-1:30,2,2,3,8,,5,5,3,3,2,5,4,5,4,5,4,4,4,6,5,3,4,4,6,6,5,4,5,5,3,4,5,3,6,5,6,4,3,3,2,2,1,6,4,5,3,7,4,2,5,4,2,6,1,9,6,4,2,2,9,4,6,3,3,2,2,2,6,4,9,7,8,8,5,3,6,2,2,5,6,5,3,5,7,8,4,2,18,5,,1,7,1,1,Church of Christ,,5,5,6,7,4,4,6,6,3,1,Inst,Care
9/13/2016 14:10,9/13/2016 15:18,2:30-3:30,2,2,1,8,,4,6,1,4,1,6,5,6,5,1,2,1,4,5,6,5,5,1,5,5,6,4,6,5,2,3,1,4,6,3,2,4,4,1,1,4,1,1,9,1,9,1,1,9,1,8,9,9,9,1,2,9,1,4,9,1,3,1,2,1,1,9,2,9,1,9,4,1,5,1,8,8,1,1,1,1,7,1,1,1,9,2,18,5,,2,7,2,9,,,,2,2,1,2,2,2,1,6,3,Inst,Purity
9/15/2016 11:48,9/15/2016 12:47,12:00-1:00,2,4,2,8,,5,5,6,4,1,4,5,5,5,3,4,2,4,2,2,1,4,4,6,4,2,4,3,4,5,5,5,4,6,5,4,5,2,2,2,1,1,4,3,9,1,5,9,1,9,1,1,9,1,9,1,1,3,2,2,5,7,3,2,2,6,1,9,1,9,4,9,9,6,1,3,1,3,9,9,5,1,9,9,9,3,2,18,4,,3,6,1,1,Southern Baptist,,5,6,6,9,7,7,7,7,1,1,Inst,Care
9/19/2016 12:21,9/19/2016 13:52,1:30-2:30,2,5,2,8,,5,5,6,5,5,5,4,4,4,3,5,5,6,4,4,3,5,5,6,5,4,5,5,6,5,4,6,1,6,5,5,4,2,1,2,2,1,8,1,2,1,7,4,2,8,3,1,8,2,9,2,2,6,5,5,6,5,4,5,4,4,4,6,1,9,7,2,9,9,5,9,2,2,6,9,5,1,5,6,7,8,2,18,5,,2,7,1,1,Baptist,,4,5,5,7,6,6,6,6,2,1,Inst,Care
9/19/2016 13:52,9/19/2016 14:57,2:30-3:30,2,5,1,8,,5,5,6,5,4,6,5,5,4,5,5,2,3,4,5,5,5,5,5,6,4,6,4,5,5,5,5,4,6,6,5,5,1,1,3,1,3,9,1,4,5,9,8,6,9,4,4,9,1,4,4,4,6,6,9,6,6,3,3,7,7,4,6,4,6,5,4,7,6,6,6,2,2,8,8,6,1,6,8,8,4,2,19,5,,2,6,1,1,Baptist,,4,5,5,9,6,6,6,6,3,3,Inst,Purity
9/20/2016 8:55,9/20/2016 9:43,9:15-10:15,2,5,2,8,,5,5,6,5,3,6,5,5,4,6,4,2,4,5,5,3,4,4,6,5,3,5,5,5,4,5,3,3,5,5,5,2,2,4,1,3,1,8,4,6,1,8,5,3,9,1,3,9,1,8,3,4,2,6,9,4,7,2,3,6,4,1,9,1,9,6,2,8,3,4,8,1,2,7,9,6,2,2,8,8,4,2,20,5,,2,5,1,1,Baptist,,5,6,6,9,3,4,6,7,3,1,Inst,Care
9/20/2016 12:21,9/20/2016 12:57,12:30-1:30,2,2,1,8,,5,5,4,5,4,6,6,6,4,6,6,6,6,6,6,5,4,3,6,5,6,2,6,4,3,5,4,2,6,5,5,3,3,3,1,2,1,2,8,3,9,4,2,7,1,6,5,4,9,5,9,5,5,8,5,1,6,7,8,5,5,9,5,9,4,8,5,8,7,5,5,7,5,1,4,5,7,5,2,2,6,2,18,5,,2,7,3,2,,,2,3,4,6,4,4,4,4,4,1,Inst,Care
9/20/2016 15:25,9/20/2016 16:12,3:30-4:30,1,6,1,8,,7,3,1,5,4,3,5,4,3,5,3,4,5,6,4,5,2,2,2,5,2,3,4,5,5,5,2,2,6,4,6,2,1,1,1,1,2,1,9,1,9,1,1,9,1,9,9,1,9,5,1,9,2,5,9,1,5,2,5,1,5,5,5,9,1,6,4,5,5,5,5,5,5,5,5,5,5,5,5,5,5,1,19,2,,2,7,2,8,,,1,1,2,1,3,5,5,1,5,3,Inst,Care
9/21/2016 7:50,9/21/2016 8:28,8:00-9:00,2,5,5,8,,5,5,6,5,1,5,6,5,3,4,2,4,4,5,4,5,4,4,4,4,1,5,5,5,4,4,5,1,6,6,4,2,1,1,1,2,1,6,2,9,1,8,1,1,8,1,1,9,1,8,5,4,6,5,7,5,8,4,4,6,3,1,9,1,9,4,1,9,6,3,9,1,3,9,9,7,1,1,9,9,4,2,18,5,,2,7,1,1,non-denominational Christian ,,5,6,6,9,5,5,7,7,3,3,Inst,Purity
9/22/2016 11:55,9/22/2016 13:43,12:00-1:00,2,4,2,8,,5,5,1,4,4,6,5,4,4,5,3,4,5,6,5,5,5,2,3,4,2,4,1,5,2,5,5,1,5,1,4,3,3,2,2,2,2,2,8,1,9,1,1,7,1,8,8,2,9,2,2,2,1,1,8,1,2,4,2,1,2,8,2,8,1,2,4,1,1,2,4,8,6,1,1,2,3,5,1,1,3,2,19,5,,2,7,3,7,,,1,1,1,2,4,5,3,4,5,3,Inst,Care
9/22/2016 13:43,9/27/2016 11:10,2:00-3:00,2,4,1,8,,5,5,6,6,5,6,6,6,5,6,6,4,6,6,6,6,4,3,3,6,5,3,2,5,4,5,5,3,6,6,5,4,5,1,2,4,1,9,1,1,1,9,9,1,5,1,4,9,1,9,4,5,9,7,9,9,9,1,9,9,5,1,9,1,9,6,4,9,9,9,9,4,4,9,9,9,9,8,9,9,9,2,18,3,,2,7,1,1,Baptist,,4,6,5,8,4,4,4,4,4,1,Inst,Purity
9/23/2016 13:28,9/23/2016 15:03,2:00-3:00,2,3,4,8,,5,5,6,5,5,6,6,6,5,6,6,4,6,6,6,5,5,3,6,6,5,5,4,5,3,5,5,3,6,5,5,3,4,3,4,3,2,9,2,9,1,4,2,5,9,1,1,9,6,9,3,6,4,5,9,6,6,1,6,3,3,1,9,1,9,4,2,9,6,2,7,1,1,8,6,6,1,1,9,8,4,2,20,5,,2,7,1,1,Southern Baptist,,3,6,5,9,5,5,6,6,2,1,Inst,Care
9/27/2016 9:19,9/27/2016 9:55,9:30-10:30,2,5,1,8,,5,5,3,3,3,4,3,4,4,3,3,5,5,5,5,5,5,5,4,5,5,4,6,4,5,4,3,3,5,5,4,1,1,1,1,1,1,6,6,5,4,5,6,7,5,4,4,6,6,5,6,6,4,4,5,4,6,4,6,4,5,6,4,4,4,6,4,5,5,6,6,6,4,4,6,5,4,4,4,4,4,2,19,6,Biracial ,4,3,1,2,,,3,5,3,5,4,4,3,3,6,1,Inst,Purity
9/27/2016 12:48,9/29/2016 12:14,2:00-3:00,2,2,1,8,,5,5,4,5,2,3,3,3,2,4,3,3,4,4,3,3,2,3,5,6,5,6,5,6,5,6,3,2,5,4,5,2,1,1,1,2,1,6,4,8,2,5,7,6,5,1,4,6,5,6,4,5,6,4,6,8,9,4,6,7,5,4,6,4,5,4,4,5,7,4,4,5,4,6,4,6,4,6,4,6,6,2,18,3,,3,5,1,1,Non-denominational,,2,3,3,5,4,4,5,4,4,3,Inst,Purity
9/27/2016 16:11,9/27/2016 17:04,4:30-5:30,1,6,1,8,,7,3,3,5,4,6,6,5,4,5,5,3,4,5,5,3,3,4,6,6,5,3,5,6,6,6,2,3,4,4,5,5,2,1,3,2,2,1,9,5,9,4,4,7,3,8,5,4,8,6,2,5,4,6,8,2,6,7,6,4,6,7,6,9,3,6,4,4,6,4,6,7,3,5,6,7,3,4,6,3,6,1,22,2,,2,5,3,9,,,,2,1,2,3,5,2,4,5,3,Inst,Care
9/29/2016 12:14,9/29/2016 13:43,12:30-1:30,2,2,1,8,,5,5,5,5,5,5,5,5,5,5,3,4,4,5,5,5,4,4,5,5,5,5,5,5,5,6,5,2,6,4,5,4,1,1,3,1,2,5,4,7,2,2,4,4,6,2,2,5,3,6,3,3,3,3,5,7,7,5,6,6,6,4,6,4,6,5,5,7,7,7,6,4,4,4,8,6,6,7,6,6,5,2,18,5,,3,5,1,1,Assemblies of God,,3,5,3,8,6,6,6,6,2,1,Inst,Care
10/4/2016 12:11,10/4/2016 13:51,12:30-1:30,2,2,2,8,,5,5,4,5,3,5,5,4,4,6,3,5,3,5,5,5,5,4,2,5,4,3,6,4,5,4,5,1,6,4,5,3,4,3,1,2,1,8,4,9,2,7,3,1,7,2,2,7,1,8,5,2,7,4,6,6,4,4,6,6,4,6,6,3,7,5,6,6,6,5,6,6,6,7,4,6,7,6,7,8,6,2,18,5,,3,6,1,1,,,4,4,6,7,6,7,6,6,2,3,Inst,Care
10/4/2016 13:51,10/4/2016 14:47,2:30-3:30,2,2,3,8,,5,5,1,6,2,5,6,5,3,4,4,3,4,6,6,4,4,3,5,5,4,2,6,3,2,3,3,4,4,1,3,2,2,1,1,1,1,1,5,1,9,1,1,9,1,9,9,1,9,5,1,5,5,5,8,1,5,5,5,5,6,9,4,9,1,1,2,3,1,5,5,9,5,1,1,1,5,5,5,5,2,2,18,5,,2,5,2,8,,,,1,2,6,3,3,3,3,5,3,Inst,Purity
10/4/2016 15:08,10/4/2016 16:09,3:30-4:30,1,6,3,8,,5,5,4,5,5,6,5,4,2,3,3,4,5,5,5,2,3,4,4,5,3,3,4,4,3,5,4,4,6,4,6,5,3,1,2,1,2,6,6,4,5,6,5,6,5,3,5,6,6,4,5,5,4,5,7,6,4,3,3,3,7,6,6,5,7,6,8,5,7,5,7,6,6,7,6,3,3,5,4,6,6,1,19,2,,3,5,1,2,,,3,4,5,6,5,6,3,5,4,3,Inst,Care
10/6/2016 12:08,10/6/2016 13:14,12:30-1:30,2,2,3,8,,5,5,5,5,4,6,6,5,5,6,6,5,5,6,6,6,5,2,2,5,3,2,4,4,3,6,4,2,4,6,6,4,1,1,1,2,1,3,2,1,9,2,1,6,2,7,4,2,6,9,7,9,4,9,7,3,9,9,5,5,7,1,6,5,9,6,9,9,6,4,9,1,6,7,1,1,1,6,8,5,6,2,19,5,,1,7,1,1,Baptist,,4,4,5,9,4,6,2,2,4,3,Inst,Purity
10/6/2016 12:54,10/11/2016 11:34,1:00-2:00,2,4,1,8,,4,6,2,4,2,6,5,5,3,4,2,5,4,5,4,3,2,3,5,5,3,6,6,6,6,6,5,3,6,4,5,6,3,4,1,4,1,5,8,4,8,5,4,6,3,6,5,4,9,6,6,5,7,6,5,4,4,6,6,7,6,6,6,7,4,8,6,4,6,6,6,7,4,4,4,3,4,4,4,3,6,2,19,5,,3,5,1,1,Baptist,,1,3,2,5,5,4,4,5,4,1,Inst,Care
10/11/2016 12:46,10/11/2016 13:32,1:00-2:00,2,4,4,7,,1,9,4,6,1,5,6,6,5,4,6,3,5,4,4,6,5,4,6,6,6,6,4,1,5,5,5,1,6,5,5,2,3,3,1,4,1,6,5,9,5,7,9,5,9,1,1,5,2,9,3,4,1,1,9,9,9,7,6,1,1,9,5,2,5,6,5,6,9,3,9,8,2,9,8,5,8,4,9,9,6,2,18,5,,1,6,1,1,Baptist,,3,3,5,7,5,7,5,7,2,1,Inst,Purity
10/13/2016 12:04,10/13/2016 13:47,1:30-2:30,2,2,1,8,,4,6,2,5,4,5,4,5,5,5,3,3,5,5,5,4,4,3,2,2,6,2,5,4,4,4,4,4,5,4,6,4,3,2,2,3,2,5,8,2,7,4,2,7,3,5,6,3,9,6,5,5,5,5,6,4,4,6,4,4,5,7,2,5,2,2,6,4,3,3,3,3,3,2,1,4,5,2,2,2,2,2,21,2,,2,5,2,7,,,1,1,3,3,4,4,2,3,6,2,Inst,Purity
10/14/2016 8:50,10/14/2016 9:34,9:00-10:00,2,5,1,8,,4,6,4,5,2,5,4,3,2,4,5,5,4,4,3,2,4,5,5,4,6,4,5,6,4,5,5,3,5,4,5,3,2,3,2,1,1,4,2,7,1,5,2,1,7,2,4,6,6,8,5,6,4,6,5,4,8,6,8,3,7,5,6,3,8,4,5,5,6,3,5,4,5,7,6,5,4,5,6,6,3,2,19,5,,2,5,1,1,Baptist,,3,3,6,7,3,5,3,5,4,1,Inst,Care
10/18/2016 9:07,10/18/2016 10:01,9:30-10:30,2,5,2,8,,5,5,6,5,5,6,6,6,4,5,5,5,5,6,6,5,3,3,6,5,4,4,5,3,3,3,5,4,6,5,4,2,2,1,1,2,1,8,2,8,3,9,6,4,5,4,2,8,9,9,4,5,6,2,4,2,2,8,9,9,5,4,9,3,6,9,9,7,8,1,9,5,1,9,4,4,6,5,6,6,9,2,19,5,,2,6,1,1,Christian,,2,6,5,8,4,4,2,2,5,1,Inst,Purity
10/18/2016 13:53,10/18/2016 14:44,2:30-3:30,2,2,1,8,,5,5,1,5,3,5,5,5,5,5,5,4,4,5,5,4,4,4,3,3,5,4,6,4,4,3,4,4,4,4,5,3,2,1,1,3,1,1,9,1,9,1,1,5,1,9,9,1,9,9,6,6,4,6,5,4,6,4,6,5,4,9,1,9,1,5,1,1,1,5,5,5,1,1,1,1,6,1,6,1,1,2,19,5,,2,7,2,9,,,,1,1,1,6,6,1,2,4,3,Inst,Purity
10/18/2016 15:06,10/18/2016 16:11,3:30-4:30,1,6,3,8,,4,6,4,5,4,6,6,5,5,5,4,4,6,4,4,4,5,2,3,4,3,4,5,4,3,4,5,3,6,4,4,4,2,1,1,3,2,6,2,9,2,3,6,4,6,1,3,9,1,3,2,5,6,2,9,7,8,6,6,3,4,4,6,1,9,3,5,8,7,2,4,2,1,6,6,6,5,6,8,7,1,1,20,2,,3,6,1,1,Non-denominational,,2,6,5,6,3,5,5,6,3,3,Inst,Purity
10/19/2016 13:08,10/19/2016 14:20,1:30-2:30,2,7,3,8,,7,3,5,4,5,5,5,5,4,4,5,4,5,5,4,4,5,4,6,5,4,2,4,4,2,4,4,1,3,4,5,2,3,1,1,3,1,6,5,7,4,6,6,5,3,4,3,5,7,6,5,4,4,7,6,6,6,4,5,4,4,4,6,4,5,4,4,6,6,4,6,6,4,6,6,5,4,5,6,6,5,2,20,5,,1,7,1,2,,,3,4,3,7,5,6,4,5,2,3,Inst,Purity
10/20/2016 12:18,10/20/2016 13:28,12:30-1:30,2,4,1,8,,1,9,2,6,4,6,5,5,2,5,1,2,5,5,5,2,2,3,1,5,6,1,6,3,4,6,3,2,6,1,3,1,4,4,1,4,1,5,3,1,6,4,1,8,1,9,5,4,9,4,1,1,4,1,9,6,1,1,1,1,3,6,6,5,1,6,4,4,6,6,1,9,1,6,1,1,1,1,4,6,9,2,19,3,,2,5,1,2,,,3,4,1,3,5,3,1,7,6,3,Inst,Care
10/25/2016 9:14,10/25/2016 10:09,9:30-10:30,2,5,1,8,,5,5,3,3,3,5,4,5,5,5,4,5,5,4,4,4,6,5,5,5,5,5,5,5,2,6,5,2,6,5,4,5,1,1,3,1,2,5,7,6,4,5,5,4,7,4,3,6,5,9,3,6,3,6,6,5,6,4,5,3,4,4,6,4,9,4,4,8,5,4,4,4,4,6,6,5,4,6,6,6,4,2,19,5,,2,6,1,1,methodist,,5,6,6,7,5,5,5,6,3,1,Inst,Purity
10/25/2016 15:08,10/25/2016 15:48,3:30-4:30,1,6,4,8,,5,5,2,4,4,4,4,5,4,4,5,4,6,6,6,4,3,4,2,4,4,3,4,4,3,3,5,2,6,4,4,2,2,1,1,4,4,6,1,8,2,5,5,6,9,1,3,8,2,8,5,3,4,5,9,8,5,3,6,7,4,3,6,2,9,4,2,3,6,6,6,4,2,5,6,5,6,1,8,9,3,1,19,2,,2,6,1,1,Baptist,,3,4,5,8,2,2,7,7,2,1,Inst,Purity
10/26/2016 8:18,10/26/2016 9:01,8:30-9:30,2,7,3,8,,5,5,4,5,3,6,5,6,4,6,5,4,5,6,6,4,3,2,5,5,4,3,6,4,4,5,5,5,5,4,4,2,1,1,3,2,2,6,6,4,9,6,2,7,3,5,8,6,7,7,6,5,7,6,2,4,8,8,8,8,7,6,5,9,4,5,3,4,6,3,6,5,1,4,6,4,6,3,3,3,6,2,19,5,,3,6,1,1,Methodist,,2,3,4,6,2,5,1,1,6,3,Inst,Purity
10/27/2016 9:25,10/27/2016 10:05,9:30-10:30,2,5,1,8,,5,5,5,5,3,5,5,4,5,5,5,4,5,5,5,3,4,4,5,5,5,5,4,4,3,5,4,4,5,4,5,2,2,2,2,2,1,8,5,9,3,5,4,2,8,1,2,5,6,8,6,6,3,6,3,4,4,4,6,4,6,3,6,2,8,2,5,7,4,4,3,4,3,6,6,6,6,5,7,6,5,2,19,5,,2,5,1,1,baptist ,,3,5,5,7,4,5,3,5,4,1,Inst,Care
10/28/2016 13:18,10/28/2016 14:04,1:30-2:30,2,7,1,8,,5,5,5,4,2,4,4,4,5,5,5,4,5,4,4,5,5,5,5,4,5,4,6,6,3,2,6,1,6,4,5,6,3,3,2,2,1,9,9,5,1,4,9,1,9,1,5,9,1,9,4,7,3,7,9,5,9,2,2,2,4,1,9,1,9,7,3,9,6,1,9,1,2,8,8,8,2,1,9,9,1,2,19,5,,1,7,1,1,Baptist,,5,6,6,9,7,7,6,7,1,1,Inst,Care
10/28/2016 13:58,10/28/2016 14:39,2:00-3:00,2,3,3,8,,5,5,6,5,3,6,6,5,2,6,5,4,5,6,6,3,2,4,5,6,6,3,5,5,4,5,6,5,6,5,3,2,1,1,1,1,1,6,2,9,5,6,4,9,5,1,4,5,4,7,9,9,6,9,4,2,9,7,9,4,9,3,9,5,9,2,3,8,6,3,7,1,1,9,7,9,4,2,8,8,3,2,20,5,,2,5,1,1,Baptist,,4,5,5,9,5,5,3,6,3,3,Inst,Purity
11/1/2016 9:17,11/1/2016 10:00,9:30-10:30,2,5,2,8,,5,5,4,6,1,6,6,6,6,2,2,2,4,5,6,3,1,4,3,5,6,3,6,5,3,5,3,4,3,3,5,1,3,1,1,2,1,5,5,4,5,4,2,5,1,5,2,5,7,9,9,4,8,5,2,7,5,9,9,5,3,5,5,4,5,6,5,7,9,5,8,4,5,8,4,5,3,5,8,8,7,2,18,5,,3,6,1,1,,Christian,2,4,4,6,4,4,4,4,4,3,Inst,Care
11/1/2016 15:12,11/1/2016 15:59,3:30-4:30,1,6,3,8,,5,5,5,5,3,4,3,3,2,3,4,4,4,4,5,4,5,3,5,4,4,3,3,5,5,5,5,3,5,4,4,4,3,1,1,2,1,8,9,9,1,6,6,2,7,1,1,9,1,7,3,6,4,5,4,4,5,4,4,3,5,6,7,1,9,5,5,7,6,4,7,2,2,7,6,7,2,2,7,6,5,1,20,5,,3,5,1,1,non denomination ,,4,5,5,7,6,5,6,7,2,1,Inst,Care
11/2/2016 14:18,11/2/2016 15:02,2:30-3:30,2,7,2,8,,4,6,5,5,3,6,5,6,4,6,5,3,5,6,5,5,4,5,3,4,6,6,5,5,3,4,5,2,6,4,5,3,1,1,1,2,1,8,2,7,4,4,6,7,4,2,3,5,6,8,6,9,4,9,9,3,7,2,2,2,8,4,2,4,3,3,2,5,8,4,3,2,2,5,6,7,7,2,5,6,3,2,19,5,,1,7,1,1,Baptist,,2,3,4,5,7,7,7,7,1,1,Inst,Purity
11/3/2016 9:09,11/3/2016 10:20,9:30-10:30,2,5,2,8,,5,5,6,6,4,5,6,5,6,4,5,3,5,5,3,2,6,6,3,6,2,6,4,5,2,2,5,1,6,6,4,1,4,4,2,4,1,9,1,9,1,9,9,8,9,1,3,9,1,9,8,1,2,2,7,8,8,3,4,2,4,1,9,1,9,8,3,9,8,4,6,1,3,7,8,7,3,4,9,9,1,2,18,5,,3,5,1,1,Non-Denominational,,5,6,6,9,7,6,5,6,2,1,Inst,Care
11/3/2016 13:43,11/3/2016 14:50,1:00-2:00,2,4,3,8,,3,7,5,5,5,6,4,4,5,5,5,3,4,3,4,3,5,4,5,6,3,4,6,6,4,4,4,4,6,6,5,5,2,2,1,4,1,7,2,6,6,3,3,6,6,3,3,6,7,6,4,5,2,4,7,5,5,6,4,3,4,5,6,3,7,5,9,8,5,6,6,3,6,6,3,2,4,6,7,7,8,2,18,2,,3,6,1,6,,,5,6,5,7,4,5,5,5,4,3,Inst,Purity
11/4/2016 12:37,11/4/2016 14:29,2:00-3:00,2,3,1,8,,5,5,3,5,3,6,6,6,6,6,5,4,5,6,6,6,5,3,3,6,6,4,6,5,1,5,1,2,5,1,6,5,1,1,1,1,4,4,5,5,9,6,4,9,4,5,9,3,9,6,6,8,4,6,8,3,5,8,9,4,7,8,4,9,4,6,5,4,6,6,6,7,4,5,3,1,5,6,4,6,8,2,19,2,,2,7,1,6,,,2,2,3,5,1,5,1,1,6,1,Inst,Care
11/4/2016 14:07,11/4/2016 15:11,2:30-3:30,2,7,1,8,,5,5,6,5,5,6,6,6,6,6,6,2,,,,,6,,6,6,2,2,,1,2,,,,6,6,5,,,1,1,3,,9,1,,1,,9,,9,,1,9,1,,1,1,1,1,9,,,1,1,1,1,1,9,1,9,4,1,9,,1,,1,1,8,6,,1,1,9,9,5,2,20,5,,3,,1,2,,,,6,5,8,,,,7,1,1,Inst,Purity
11/7/2016 14:13,11/7/2016 15:06,2:30-3:30,1,6,3,8,,5,5,5,5,5,6,4,5,4,5,5,6,6,6,5,5,4,5,3,5,6,4,5,6,5,6,6,4,6,5,5,4,2,1,2,2,1,7,3,7,1,6,7,8,7,7,5,8,2,5,6,4,3,5,6,6,5,3,3,3,3,4,6,3,8,4,6,8,5,4,4,2,2,5,4,6,2,6,7,6,4,1,18,5,,2,6,1,1,southern baptist,,2,3,5,5,7,6,6,7,2,1,Inst,Purity
11/8/2016 11:39,11/8/2016 12:21,12:00-1:00,2,4,5,8,,5,5,5,5,3,5,5,5,3,5,5,5,5,4,4,5,4,3,1,5,3,5,5,6,3,3,6,1,5,5,3,1,3,1,1,4,1,9,1,9,1,3,6,6,9,1,3,9,1,4,3,3,6,6,2,5,7,7,4,6,3,1,9,2,9,3,5,9,4,2,3,1,2,8,9,9,2,6,8,8,3,2,19,5,,3,7,1,1,methodist,,4,6,5,9,7,7,7,7,1,1,Inst,Purity
11/8/2016 12:39,11/8/2016 13:27,1:00-2:00,2,4,1,8,,7,3,6,3,4,5,5,4,2,4,4,3,3,4,4,4,4,4,6,5,5,4,6,5,4,3,3,3,5,5,4,4,1,1,1,1,2,7,2,9,1,6,4,5,8,3,2,6,2,8,4,4,6,3,9,8,7,6,4,4,5,1,9,2,8,4,4,9,6,1,9,2,2,6,9,5,6,4,8,8,4,2,18,5,,3,6,1,2,,,4,6,6,8,6,5,5,6,3,3,Inst,Purity
11/8/2016 13:53,11/8/2016 15:02,2:30-3:30,2,2,2,8,,5,5,6,4,4,6,6,6,5,6,6,4,4,5,6,5,5,4,3,5,6,4,4,6,2,2,3,3,6,5,5,3,2,1,3,1,2,7,3,9,5,8,6,6,5,1,4,7,2,5,3,6,4,7,9,5,7,6,5,4,5,1,9,4,7,4,4,6,5,4,9,3,1,7,8,7,3,1,8,7,3,2,18,5,,2,7,1,1,Baptist/Non-denominational,,5,6,6,9,5,5,5,5,3,1,Inst,Care
11/9/2016 8:13,11/9/2016 8:57,8:30-9:30,2,7,1,8,,5,5,6,4,4,5,5,4,1,6,5,2,3,5,3,4,2,2,5,5,2,2,4,4,2,3,1,4,4,3,4,1,2,1,3,1,1,5,3,9,1,5,6,4,8,1,2,7,1,8,4,5,1,6,3,6,7,7,7,5,4,1,9,1,9,1,2,9,3,2,4,1,1,6,7,8,1,1,9,6,1,2,19,5,,2,7,1,1,non-denominational,,5,6,6,9,6,6,2,4,3,3,Inst,Care
11/9/2016 8:35,11/10/2016 10:06,9:30-10:30,2,5,1,8,,5,5,6,5,2,6,5,6,4,5,4,3,5,3,6,3,5,3,3,5,5,3,5,5,2,5,4,3,6,4,5,3,1,1,3,2,2,8,9,6,1,4,8,8,6,1,2,4,2,9,3,4,2,5,9,2,9,1,3,2,3,2,9,1,8,4,4,8,6,4,9,4,1,9,9,7,6,6,9,9,2,2,19,5,,3,6,1,1,Baptist,,4,6,5,8,4,5,3,5,3,1,Inst,Purity
11/10/2016 11:40,11/10/2016 12:46,12:00-1:00,2,4,4,8,,5,5,5,6,4,5,6,5,3,5,6,4,4,5,6,4,4,2,5,6,5,4,4,5,3,5,6,1,6,6,5,1,4,3,1,2,2,2,4,9,1,5,4,6,8,1,4,7,1,1,2,1,4,6,8,5,5,2,2,1,5,1,7,1,8,1,1,9,5,3,7,1,1,2,4,7,2,1,9,8,1,2,20,5,,3,4,1,1,Baptist,,5,4,5,8,6,6,6,7,2,1,Inst,Care
11/10/2016 13:45,11/10/2016 14:23,2:00-3:00,2,4,1,8,,5,5,5,3,3,5,4,4,3,4,4,5,5,4,5,4,3,4,6,5,5,4,4,4,4,4,4,2,6,5,5,3,1,1,2,1,2,6,4,9,4,5,6,4,6,1,4,6,5,6,4,5,4,5,7,4,6,5,4,1,4,4,6,4,6,5,6,6,6,5,6,3,3,6,5,5,4,4,6,6,5,2,19,5,,2,6,1,1,Baptist,,3,5,4,8,6,6,7,7,2,3,Inst,Purity
11/11/2016 8:45,11/11/2016 9:39,9:00-10:00,2,5,1,8,,5,5,5,4,3,6,6,4,2,3,4,4,5,6,6,5,3,3,6,5,6,2,6,4,3,4,2,4,5,5,5,5,1,1,1,2,1,7,4,7,5,4,5,4,4,1,2,5,7,6,4,5,6,5,3,4,6,7,7,5,6,2,6,5,8,4,5,9,4,6,7,2,3,7,7,8,4,5,8,8,5,2,19,5,,4,4,1,1,baptist,,4,5,5,8,2,2,1,4,6,3,Inst,Purity
11/11/2016 12:53,11/11/2016 13:42,1:00-2:00,2,3,4,8,,5,5,2,6,2,6,4,5,2,3,3,2,5,6,6,6,3,2,4,5,4,2,6,6,4,3,2,5,6,2,6,3,2,1,1,1,1,2,9,1,9,5,2,9,1,7,9,4,9,9,9,9,4,9,2,3,8,9,4,5,7,8,2,9,3,6,2,2,2,6,4,7,2,1,1,1,6,1,1,3,4,2,19,3,,3,5,3,2,,,1,2,2,2,2,2,2,2,6,3,Inst,Care
11/11/2016 13:42,11/11/2016 14:31,2:00-3:00,2,3,2,8,,5,5,5,5,4,6,5,5,4,5,4,4,4,5,5,5,4,3,3,5,5,3,5,4,3,4,4,4,6,4,4,4,2,1,2,1,1,6,6,4,8,5,4,5,3,5,7,5,6,5,6,6,6,4,5,6,4,4,5,5,4,6,3,7,4,5,4,4,4,4,4,4,4,4,4,4,6,5,3,3,5,2,18,5,,3,5,1,,,,2,3,3,4,3,4,3,4,3,3,Inst,Care
11/14/2016 14:17,11/14/2016 15:04,2:30-3:30,2,7,3,8,,5,5,6,6,6,6,6,6,6,6,6,6,5,6,6,6,6,5,5,5,6,5,6,4,2,3,3,4,6,6,5,2,1,1,1,2,1,9,9,8,4,6,6,4,7,1,1,8,5,9,1,1,5,5,9,5,7,5,6,6,5,1,9,2,9,4,3,8,5,1,9,1,1,9,8,9,1,2,9,9,4,2,18,5,,2,7,1,1,assembly of God,,3,6,6,8,5,6,6,7,2,1,Inst,Care
11/15/2016 11:44,11/15/2016 12:54,12:00-1:00,2,4,2,8,,5,5,1,4,2,5,3,5,3,5,1,2,4,4,4,4,2,1,5,4,6,4,2,5,3,6,5,3,6,2,4,3,3,1,2,3,2,2,7,1,7,2,1,9,1,5,8,1,9,3,5,8,3,3,9,1,2,2,3,2,1,6,1,8,1,3,1,1,1,1,1,5,1,1,1,1,5,1,1,1,1,2,18,5,,3,,3,7,,,,1,1,2,4,4,4,4,4,3,Inst,Purity
11/15/2016 12:55,11/15/2016 13:27,1:00-2:00,2,4,2,8,,6,4,6,5,4,6,6,3,3,6,6,5,6,4,5,4,5,3,6,6,3,6,6,4,4,3,3,3,6,5,5,4,2,1,4,1,1,9,1,9,1,6,5,1,7,1,1,5,4,9,6,4,4,6,1,6,8,8,5,4,7,1,9,1,9,1,5,9,9,9,9,1,1,9,9,1,1,5,9,9,7,2,19,5,,2,6,1,1,Methodist,,5,6,6,9,6,6,7,6,2,1,Inst,Care
11/15/2016 14:21,11/15/2016 15:14,2:30-3:30,2,2,1,8,,5,5,4,5,5,6,4,5,5,5,4,3,4,5,5,5,5,4,6,4,2,6,4,3,2,3,4,3,5,3,5,5,1,1,4,1,4,4,8,4,4,4,3,6,1,1,5,4,7,7,5,6,1,5,4,6,6,6,7,3,5,4,6,4,4,6,7,6,5,4,4,4,4,7,5,5,6,6,4,5,4,2,19,5,,3,5,1,1,,Christian Science,2,4,1,6,2,6,4,5,4,1,Inst,Care
11/15/2016 15:24,11/15/2016 16:05,3:30-4:30,1,6,4,8,,5,5,6,6,4,5,5,4,5,5,5,4,5,5,6,4,4,4,5,6,6,2,5,4,5,3,4,5,5,5,6,1,2,3,1,4,1,8,6,8,9,8,5,4,4,3,5,8,8,6,7,8,6,8,9,4,7,3,4,6,6,5,6,9,7,8,7,7,7,6,9,5,4,5,8,8,5,6,7,7,7,1,19,5,,2,5,1,1,non denominational,christian non denominational,3,6,5,6,4,4,4,5,3,3,Inst,Care
11/15/2016 15:41,11/15/2016 16:39,3:00-4:00,2,3,4,8,,5,5,4,6,5,5,6,6,2,6,6,6,6,6,6,6,5,2,6,6,5,2,6,5,3,6,6,3,6,6,6,3,1,1,1,3,1,5,1,9,1,6,9,6,4,1,1,9,1,9,1,9,7,4,9,5,9,1,9,9,2,1,9,1,9,4,1,9,7,1,6,1,1,9,9,9,1,1,9,9,7,2,20,5,,3,6,1,1,Baptist,,5,5,5,9,4,5,3,3,4,3,Inst,Purity
11/16/2016 13:13,11/16/2016 13:51,1:30-2:30,2,7,3,8,,5,5,3,3,2,4,4,4,3,4,4,3,4,5,3,4,2,3,4,4,4,5,3,4,4,4,3,3,6,5,5,4,3,1,3,2,4,4,6,6,1,6,5,3,5,4,4,5,4,4,5,5,5,6,4,6,6,6,6,4,5,4,6,4,6,4,4,6,4,4,6,4,4,4,6,6,6,6,6,6,4,2,19,5,,2,5,1,1,Baptist,,4,6,6,8,5,6,4,6,3,3,Inst,Purity
11/16/2016 14:01,11/16/2016 15:17,2:30-3:30,2,7,2,8,,3,7,5,4,3,6,5,4,5,5,4,2,3,5,5,4,5,4,6,6,4,5,6,6,4,5,1,4,6,5,5,2,4,3,1,2,1,9,7,9,7,5,9,7,4,1,3,5,5,4,6,6,5,4,7,5,5,4,5,1,4,6,6,5,9,7,7,6,7,4,6,4,4,4,5,6,4,3,7,9,8,2,21,1,,3,5,1,1,Baptist,,5,6,5,5,4,2,4,4,6,1,Inst,Care
11/17/2016 12:07,11/17/2016 13:11,12:30-1:30,2,2,2,8,,5,5,4,5,4,5,6,6,6,4,4,3,4,5,6,6,5,5,6,5,5,4,6,6,5,6,3,4,6,5,6,3,2,1,2,2,2,9,4,5,3,3,1,6,7,1,4,8,1,1,4,3,6,2,9,5,8,7,4,2,4,2,9,4,9,8,6,4,5,6,8,3,4,7,9,6,3,4,8,8,6,2,18,3,,3,4,1,2,,,4,5,5,7,2,4,1,6,5,1,Inst,Purity
11/17/2016 12:40,11/17/2016 13:47,1:00-2:00,2,4,1,8,,3,7,5,4,3,5,5,5,4,4,5,5,5,4,5,3,4,3,5,5,5,4,6,5,4,5,5,4,5,5,4,2,3,3,2,2,1,7,7,5,7,7,5,7,6,5,5,4,5,7,6,6,8,7,5,4,6,3,9,6,6,5,6,7,6,5,3,6,7,3,5,4,4,5,6,4,6,6,4,6,8,2,18,5,,1,7,1,1,non-denominational,,3,4,5,6,3,5,2,4,5,1,Inst,Care
11/17/2016 13:47,11/17/2016 14:26,2:00-3:00,2,4,1,8,,4,6,5,5,5,6,5,6,3,5,5,5,6,6,6,5,5,4,6,5,6,6,6,6,5,5,6,3,6,5,4,2,2,2,1,2,1,9,9,7,5,8,5,8,8,4,5,8,9,9,5,9,9,9,8,4,9,7,7,6,9,6,8,8,6,7,5,8,6,5,8,8,4,9,9,6,4,4,8,8,7,2,18,5,,3,3,1,1,Baptist,,4,4,4,6,5,5,5,5,3,1,Inst,Care
11/18/2016 8:18,11/18/2016 9:07,8:30-9:30,2,7,1,8,,5,5,4,5,3,6,6,6,6,6,3,4,4,6,6,5,4,5,6,6,5,2,6,3,1,3,2,4,4,5,3,3,1,1,2,2,3,6,9,3,5,4,1,7,1,6,5,5,6,9,9,4,9,4,1,9,9,9,9,9,4,5,6,9,6,9,9,7,9,4,6,4,9,4,6,4,6,6,4,4,6,2,19,1,,1,7,1,1,christian,,3,4,5,7,3,4,1,1,5,1,Inst,Purity
11/18/2016 13:22,11/18/2016 14:04,1:30-2:30,2,7,3,8,,5,5,3,3,2,5,5,5,3,4,5,3,5,6,5,5,4,2,5,5,3,3,6,5,4,4,2,3,4,4,5,3,1,1,2,2,3,4,5,4,6,6,3,9,2,6,6,3,7,7,7,7,8,7,4,6,8,8,8,7,6,6,6,6,5,5,6,5,8,8,5,5,5,6,2,4,6,6,5,5,4,2,19,2,,2,7,3,6,,,2,2,3,5,4,5,2,2,5,3,Inst,Purity
11/18/2016 15:27,11/18/2016 16:06,3:30-4:30,2,7,4,8,,0,10,6,5,5,6,6,6,5,6,6,5,6,6,6,6,6,5,4,5,6,6,5,5,4,6,5,3,6,6,5,1,4,2,1,5,1,9,1,6,7,7,6,2,8,1,1,9,1,8,6,8,6,8,8,4,9,6,4,7,7,2,7,3,7,6,6,8,9,9,9,1,7,9,9,7,3,7,9,9,6,2,19,5,,2,6,1,1,Baptist,,3,5,4,8,7,7,5,7,1,3,Inst,Purity
11/21/2016 14:22,11/21/2016 14:59,2:30-3:30,2,7,1,8,,4,6,5,4,4,5,5,5,4,5,6,3,5,5,5,5,4,3,6,5,6,3,6,5,2,3,2,3,6,4,6,1,3,2,1,4,1,3,5,9,1,5,7,7,8,1,2,8,1,9,5,9,1,8,5,6,8,7,8,1,4,5,9,1,8,4,5,9,6,5,5,1,5,9,8,9,2,8,9,9,4,2,18,5,,2,6,1,1,,Christian,5,6,6,9,4,4,4,4,4,3,Inst,Care
11/22/2016 12:45,11/22/2016 13:23,1:00-2:00,2,4,4,8,,3,7,3,4,3,6,6,5,4,6,6,1,1,6,6,6,4,1,2,6,6,1,6,6,3,2,1,1,5,1,5,4,1,1,3,2,1,5,9,5,7,3,1,9,1,5,7,2,9,7,9,9,7,7,1,1,8,8,9,7,7,5,3,9,3,6,8,4,8,7,9,6,6,3,7,6,3,8,4,7,4,2,19,5,,3,6,1,1,Methodist,,2,4,3,7,2,2,1,1,6,1,Inst,Purity
11/22/2016 12:49,11/22/2016 13:54,1:30-2:30,2,2,2,8,,5,5,1,3,4,3,3,2,4,2,4,4,5,6,4,3,2,4,1,3,5,5,2,3,1,1,3,1,5,2,5,3,2,1,2,1,1,3,8,2,6,2,1,7,1,5,5,3,6,6,9,7,4,5,6,3,6,8,6,3,5,,,,,,,,,,,,,,,,,,,,,,,,,,,,,,,,,,,,,,,,,Inst,Care
11/22/2016 15:07,11/22/2016 16:00,3:30-4:30,1,6,1,8,,4,6,3,3,4,5,5,6,4,5,5,2,3,6,6,5,4,2,3,6,4,1,6,4,3,4,4,2,5,2,5,4,2,1,1,1,1,5,8,2,7,1,4,9,1,6,8,2,8,9,7,7,2,7,4,1,6,5,7,5,5,8,5,7,4,6,3,2,7,4,3,9,3,3,3,5,6,5,2,4,5,1,22,3,,2,6,1,2,,,2,3,3,5,5,5,1,1,4,3,Inst,Care
11/28/2016 14:15,11/28/2016 15:03,2:30-3:30,2,7,2,8,,5,5,6,6,3,6,5,6,5,5,4,2,5,6,6,4,4,6,6,5,6,5,5,6,3,6,6,1,6,6,5,6,1,2,1,2,1,9,1,9,1,6,6,6,9,1,1,9,1,9,4,9,1,9,7,1,9,2,1,1,4,1,9,1,9,1,1,9,1,1,3,1,1,9,9,9,1,6,9,9,1,2,20,5,,1,7,1,1,Baptist,,5,6,6,9,7,7,7,7,1,1,Inst,Care
11/29/2016 11:46,11/29/2016 12:49,12:00-1:00,2,4,2,8,,5,5,3,4,3,5,4,5,5,3,2,2,2,3,4,3,4,3,5,4,6,2,6,6,5,4,4,3,6,5,5,3,2,1,1,1,2,4,4,5,9,4,2,8,2,6,5,5,7,5,5,5,5,5,4,5,5,6,5,5,5,5,5,7,4,5,5,5,5,5,5,5,5,5,5,5,5,5,5,5,5,2,18,5,,2,6,3,2,,,1,2,2,5,4,3,3,4,5,3,Inst,Care
11/29/2016 12:49,11/29/2016 13:30,1:00-2:00,2,4,3,8,,4,6,2,5,3,5,5,5,4,5,5,4,5,6,6,5,6,5,5,6,6,3,6,4,5,5,3,4,6,5,6,4,2,2,1,1,1,5,6,5,8,5,5,6,4,5,6,5,8,6,6,5,5,6,4,5,6,6,6,5,4,6,5,7,4,5,4,5,5,5,4,6,4,4,3,4,6,5,5,5,6,2,19,3,,3,5,1,2,,,2,3,1,4,3,3,3,3,5,1,Inst,Care
11/29/2016 14:12,11/29/2016 14:57,2:30-3:30,2,2,2,8,,6,4,6,6,3,6,5,5,2,6,4,4,4,6,6,4,5,4,5,6,4,4,6,5,4,3,5,2,6,5,6,4,2,1,3,2,4,9,5,6,5,6,6,6,8,1,5,9,4,3,4,5,4,6,9,6,8,4,7,5,5,4,6,3,9,5,6,7,6,2,6,4,2,5,6,6,5,2,6,6,5,2,18,5,,4,4,1,1,Baptist ,,4,5,6,9,6,6,6,6,2,3,Inst,Purity
11/29/2016 15:06,11/29/2016 16:08,3:30-4:30,1,6,4,8,,4,6,2,6,5,6,5,5,4,6,3,5,5,6,4,3,3,2,3,5,5,3,4,2,2,1,5,4,6,4,5,1,1,1,1,2,1,4,7,1,9,4,1,8,1,5,6,2,9,4,6,6,5,6,5,2,8,9,5,4,5,8,4,9,3,3,4,5,1,1,1,5,1,1,5,4,9,1,5,4,3,1,18,5,,2,5,3,9,,,1,1,3,5,4,4,4,4,4,3,Inst,Purity
11/30/2016 7:53,11/30/2016 8:34,8:00-9:00,2,5,1,8,,4,6,2,3,3,4,4,4,5,5,5,4,5,5,5,5,5,3,6,6,6,3,5,6,2,6,3,3,5,5,5,5,4,4,1,2,1,4,6,3,5,2,1,6,1,4,3,5,7,6,4,5,6,6,4,7,5,3,5,4,3,5,2,6,5,4,6,2,7,4,6,6,6,7,7,6,3,6,3,4,2,2,19,3,,1,6,1,2,,,2,3,4,6,3,7,4,4,2,1,Inst,Care
11/30/2016 13:21,11/30/2016 13:57,1:30-2:30,2,7,1,8,,5,5,5,4,4,5,3,3,3,4,3,4,4,4,3,3,5,4,5,4,5,4,4,5,3,4,4,2,4,4,4,4,3,1,1,2,1,7,7,5,5,5,3,6,6,6,5,5,7,6,5,5,7,5,3,4,4,3,5,6,4,6,4,6,6,6,6,5,6,4,6,6,5,5,4,3,5,5,5,6,6,2,19,5,,4,3,1,2,,,2,2,3,6,2,2,2,2,5,1,Inst,Care
12/1/2016 9:24,12/1/2016 10:08,9:30-10:30,2,5,1,8,,5,5,6,5,4,5,5,3,2,4,6,1,5,4,4,3,4,4,6,6,5,5,4,6,4,5,5,1,6,6,3,1,2,1,1,2,2,8,1,9,1,3,9,1,9,1,1,9,1,5,2,3,1,9,9,5,1,1,1,1,5,5,9,1,9,8,9,9,9,2,9,1,3,9,6,5,1,4,9,9,1,2,19,5,,2,7,1,1,nondenominational ,,3,6,5,8,6,6,6,7,2,3,Inst,Purity
12/1/2016 12:10,12/1/2016 13:09,12:30-1:30,2,2,1,8,,3,7,5,5,3,5,6,4,3,6,4,3,5,6,6,5,4,4,6,6,6,2,6,5,3,5,4,3,6,6,5,2,1,1,1,5,1,6,1,4,7,6,1,9,5,1,5,6,6,9,4,4,8,8,9,5,5,9,5,1,4,5,5,8,9,3,5,9,9,6,9,4,4,8,9,5,5,5,9,9,9,2,18,5,,3,6,1,2,,,4,6,6,5,5,7,3,5,4,3,Inst,Purity
12/1/2016 13:29,12/1/2016 14:10,1:30-2:30,2,2,1,8,,5,5,4,5,4,6,4,5,4,5,2,3,5,5,6,6,4,4,3,4,5,4,5,3,3,4,2,2,5,4,5,3,2,1,1,2,2,6,5,6,5,6,4,5,4,4,4,5,9,6,4,4,4,4,5,4,6,5,5,3,5,5,6,5,5,8,3,6,4,3,4,6,3,6,6,6,6,5,5,5,8,2,18,3,,2,5,1,1,Mormons,Mormon,2,4,4,4,4,5,4,4,4,3,Inst,Purity
12/2/2016 7:19,12/2/2016 9:28,9:00-10:00,2,5,1,8,,5,5,3,4,4,5,4,5,5,5,4,2,3,5,5,5,4,2,2,5,4,4,6,5,4,2,2,2,6,6,4,4,3,1,2,1,2,4,6,6,6,5,6,8,6,5,5,5,8,7,6,6,7,6,3,6,7,7,7,5,8,7,3,8,2,4,4,3,6,3,2,4,2,5,3,7,4,3,4,6,5,2,18,3,,5,1,1,1,Non denominational ,,2,3,3,5,3,3,2,4,5,1,Inst,Care
12/2/2016 12:47,12/2/2016 13:38,2:00-3:00,2,3,1,8,,5,5,6,3,3,4,5,6,6,6,5,3,6,6,6,6,2,3,5,3,4,5,6,5,3,5,5,3,6,4,4,4,3,1,4,1,3,9,1,9,4,5,9,2,9,1,2,5,1,2,1,5,3,7,5,3,4,2,2,2,3,1,9,2,9,8,9,9,8,9,8,3,4,9,9,5,1,7,9,9,8,2,18,5,,3,6,1,1,non-denominational,,5,6,6,9,6,6,7,7,2,1,Inst,Care
12/2/2016 14:29,12/2/2016 15:10,2:30-3:30,2,7,4,8,,4,6,3,3,3,6,6,6,6,6,4,5,6,6,6,6,5,4,5,6,6,3,6,5,5,4,3,2,6,4,6,5,3,3,1,2,1,6,5,8,5,7,6,6,4,2,1,5,5,5,1,1,1,1,8,8,5,1,2,2,3,4,5,4,5,6,4,6,6,3,5,6,4,4,6,3,3,3,5,6,6,2,18,3,,2,7,1,1,,Christian ,3,5,4,6,6,5,3,7,3,3,Inst,Care
